<Data><Image TextDescription=""><Attachment Name="TileScanInfo" Application="LAS AF" FlipX="0" FlipY="0" SwapXY="0"><Tile FieldX="0" FieldY="0" PosX="0.0399682315" PosY="-0.0611686015"/></Attachment><Attachment Name="ViewerScaling" Application="LAS AF" Version="1.0"><ChannelScalingInfo BackgroundLutName="" BlackValue="0.000000000000" WhiteValue="1.000000000000" GammaValue="1.0000000000" Automatic="0"/><ChannelScalingInfo BackgroundLutName="" BlackValue="0.000000000000" WhiteValue="1.000000000000" GammaValue="1.0000000000" Automatic="0"/><ChannelScalingInfo BackgroundLutName="" BlackValue="0.000000000000" WhiteValue="1.000000000000" GammaValue="1.0000000000" Automatic="0"/><ChannelScalingInfo BackgroundLutName="" BlackValue="0.000000000000" WhiteValue="1.000000000000" GammaValue="1.0000000000" Automatic="0"/><ChannelScalingInfo BackgroundLutName="" BlackValue="0.000000000000" WhiteValue="1.000000000000" GammaValue="1.0000000000" Automatic="0"/><ChannelScalingInfo BackgroundLutName="" BlackValue="0.000000000000" WhiteValue="1.000000000000" GammaValue="1.0000000000" Automatic="0"/><ChannelScalingInfo BackgroundLutName="" BlackValue="0.000000000000" WhiteValue="1.000000000000" GammaValue="1.0000000000" Automatic="0"/><ChannelScalingInfo BackgroundLutName="" BlackValue="0.000000000000" WhiteValue="1.000000000000" GammaValue="1.0000000000" Automatic="0"/></Attachment><ImageDescription><Channels><ChannelDescription DataType="1" ChannelTag="0" Resolution="32" NameOfMeasuredQuantity="" Min="0.000000e+000" Max="1.000000e+000" Unit="" LUTName="Gray" IsLUTInverted="0" BytesInc="0" BitInc="0"></ChannelDescription><ChannelDescription DataType="1" ChannelTag="0" Resolution="32" NameOfMeasuredQuantity="" Min="0.000000e+000" Max="1.000000e+000" Unit="" LUTName="Time Contrast" IsLUTInverted="0" BytesInc="1048576" BitInc="0"></ChannelDescription><ChannelDescription DataType="1" ChannelTag="0" Resolution="32" NameOfMeasuredQuantity="" Min="0.000000e+000" Max="1.000000e+000" Unit="" LUTName="Gray" IsLUTInverted="0" BytesInc="2097152" BitInc="0"></ChannelDescription><ChannelDescription DataType="1" ChannelTag="0" Resolution="32" NameOfMeasuredQuantity="" Min="0.000000e+000" Max="1.000000e+000" Unit="" LUTName="Gray" IsLUTInverted="0" BytesInc="3145728" BitInc="0"></ChannelDescription><ChannelDescription DataType="1" ChannelTag="0" Resolution="32" NameOfMeasuredQuantity="" Min="0.000000e+000" Max="1.000000e+000" Unit="" LUTName="Gray" IsLUTInverted="0" BytesInc="4194304" BitInc="0"></ChannelDescription><ChannelDescription DataType="1" ChannelTag="0" Resolution="32" NameOfMeasuredQuantity="" Min="0.000000e+000" Max="1.000000e+000" Unit="" LUTName="Time Contrast" IsLUTInverted="0" BytesInc="5242880" BitInc="0"></ChannelDescription><ChannelDescription DataType="1" ChannelTag="0" Resolution="32" NameOfMeasuredQuantity="" Min="0.000000e+000" Max="1.000000e+000" Unit="" LUTName="Gray" IsLUTInverted="0" BytesInc="6291456" BitInc="0"></ChannelDescription><ChannelDescription DataType="1" ChannelTag="0" Resolution="32" NameOfMeasuredQuantity="" Min="0.000000e+000" Max="1.000000e+000" Unit="" LUTName="Gray" IsLUTInverted="0" BytesInc="7340032" BitInc="0"></ChannelDescription></Channels><Dimensions><DimensionDescription DimID="1" NumberOfElements="512" Origin="0.000000e+000" Length="5.110000e+002" Unit="m" BitInc="0" BytesInc="4"></DimensionDescription><DimensionDescription DimID="2" NumberOfElements="512" Origin="0.000000e+000" Length="5.110000e+002" Unit="m" BitInc="0" BytesInc="2048"></DimensionDescription></Dimensions></ImageDescription><TimeStampList NumberOfTimeStamps="8">1d74dbef69c91a0 1d74dbef69c91a0 1d74dbf02930200 1d74dbf02930200 1d74dbf02930200 1d74dbf02930200 1d74dbf02930200 1d74dbf02930200 </TimeStampList><Attachment Name="PreviewMarker" Application="LAS AF" IsPreviewImage="0"/><Attachment Name="ChannelAttachment" Application="LAS AF"/><Attachment Name="ImageXMLDocument" Application="LAS AF"><RootNode/>
		</Attachment><Attachment Name="HardwareSetting" Application="LAS AF" Software="LAS X 3.5.6.21594" HardwareServerVersion="Build 21594" SystemType="12" SystemTypeName="TCS SP8" DataSourceType="0" DataSourceTypeName="Confocal"><ATLConfocalSettingDefinition VersionNumber="15" UserSettingName="S20" CanDoSTED="0" IsSTEDActive="0" IsSwitchForPulsedStedWithMpActive="0" UseSystemOptimizedVoxelCalculation="1" IsUserSettingNameSet="0" IsHydPulsedModeCoeffntManualActive="0" XGalvoMovementMode="1" XGalvoMovementModeName="linear" BitSize="8" MaxIntegrationTime="0" ScanMode="xyz" ZUseMode="2" ZUseModeName="z-wide" ZPosition="0.002994439875" IsSuperZ="0" ValidBeginStack="0" ValidEndStack="0" Sections="1" StackCalculationMode="2" StackCalculationModeName="System optimized step size" IsMPFormulaForStepSizerUsageActive="0" IsFastZStack="0" ZStackDirectionMode="1" ZStackDirectionModeName="Unidirectional" StagePosX="0.06116860149416" StagePosY="0.03996823148938" StageRangeX="0.126999934976" StageRangeY="0.082999957504" FlipX="0" FlipY="1" SwapXY="1" Magnification="40" ObjectivePos="4" ObjectiveName="HC PL IRAPO    40x/1.10 WATER " ObjectiveNumber="11506352" MicroscopeModel="DMI8-CS" IsInverseMicroscopeModel="1" Immersion="WATER" NumericalAperture="1.1" RefractionIndex="1.33" IsFCSFilterAutomationActive="0" IsSMDChaserUVAOTFAutomationActive="0" CanDoCSMode="1" ActiveCS_SubModeForTLD="1000" ActiveCS_SubModeForTLDName="TLD/RLD" ActiveCS_SubModeForRLD="1000" ActiveCS_SubModeForRLDName="TLD/RLD" RldFluoCubePos="4" RldCubeAutoSelectionEnabled="1" LastNonMP_MFP_FW_Name="Substrate " LastNonMP_Pol_FW_Name="Empty" ScanSpeed="100" InDimension="512" OutDimension="512" UseScanFormatRestriction="0" Zoom="4.49392282241613" BaseZoom="0.75" PanFirstDim="8.67361737988404E-19" PanSecondDim="8.67361737988404E-19" ScanDirectionX="1" ScanDirectionXName="Unidirectional" RotatorAngle="0" Pinhole="8.38472942920682E-05" PinholeAiry="1.00000025719138" EmissionWavelengthForPinholeAiryCalculation="630" FrameAverage="4" LineAverage="1" FrameAccumulation="1" Line_Accumulation="1" AreBleachPointsEnabled="0" InTrigger="-1" OutTrigger="-1" IsRoiScanEnable="0" Is3DLimitedRoiScanEnable="0" ZCompensationModes="0" WizardMode="0" IsConstantIntegrationTimeActive="1" PixelDwellTime="0.0000153875" SystemSerialNumber="8110001994"><EasySRMappingArray/><EasySRSlider SRRelative="75" ThreeDRelative="0" GentleRelative="25"/><Quantity Value="0.00000005" Unit=""/><AdditionalZPositionList><AdditionalZPosition Valid="1" SuperZMode="1" SuperZModeName="RestrictedRange" ZMode="1" ZUseModeName="z-galvo" ZPosition="-2.3841880645312E-10"/><AdditionalZPosition Valid="1" SuperZMode="1" SuperZModeName="RestrictedRange" ZMode="2" ZUseModeName="z-wide" ZPosition="0.002994439875"/></AdditionalZPositionList><ClimateControl CanDoClimateControl="0" ClimateControlCurrentlyInUse="0" NumberOfUnits="0"/><ShutterList><Shutter Version="0" LightSourceType="1" LightSourceName="UV" IsActive="0"><BeamRoute Version="0"><BeamPosition BeamPositionLevel="0" BeamPosition="30"/></BeamRoute></Shutter><Shutter Version="0" LightSourceType="0" LightSourceName="Visible" IsActive="0"><BeamRoute Version="0"><BeamPosition BeamPositionLevel="0" BeamPosition="10"/><BeamPosition BeamPositionLevel="1" BeamPosition="0"/></BeamRoute></Shutter><Shutter Version="0" LightSourceType="4" LightSourceName="SuperContVisible2" IsActive="0"><BeamRoute Version="0"><BeamPosition BeamPositionLevel="0" BeamPosition="10"/><BeamPosition BeamPositionLevel="1" BeamPosition="1"/></BeamRoute></Shutter><Shutter Version="0" LightSourceType="3" LightSourceName="MP Light" IsActive="0"><BeamRoute Version="0"><BeamPosition BeamPositionLevel="0" BeamPosition="20"/><BeamPosition BeamPositionLevel="1" BeamPosition="30"/></BeamRoute></Shutter><Shutter Version="0" LightSourceType="3" LightSourceName="MP Light 2" IsActive="1"><BeamRoute Version="0"><BeamPosition BeamPositionLevel="0" BeamPosition="20"/><BeamPosition BeamPositionLevel="1" BeamPosition="20"/></BeamRoute></Shutter></ShutterList><BleachPoints><LMSDataContainerHeader Version="2"><Element Name="BleachPointROISet" Visibility="2" CopyOption="1" UniqueID="4069517c-b9b2-11eb-b1a7-48df37181569"><Data><ROISet ROISetType="1" PossibleChildROITypes="-1" PossibleROITransforms="65535" PossibleROIActions="65535"/></Data>
							<Memory Size="0" MemoryBlockID="MemBlock_748"/><Children/></Element></LMSDataContainerHeader>
				</BleachPoints><ATLConfocalBleachPointsSettings/><FilterWheel FluorifierAutoSelection="1" BeamSplitterAutoSelection="0" StedBeamSelectionPinholeCoupling="0" MultiFunctionPortAutoSelection="1" BeamMergerAutoSelectionEnabled="1" RldBlockingFilterAutoSelectionEnabled="1"><Wheel Version="0" Qualifier="230" FilterWheelName="RLD Blocking Slider" FilterIndex="1" FilterName="SP 680" IsSpectrumTurnMode="0" FilterSpectrumPos="0" IndexChanged="0" SpectrumChanged="0"><BeamRoute Version="0"><BeamPosition BeamPositionLevel="0" BeamPosition="20"/></BeamRoute></Wheel><Wheel Version="0" Qualifier="250" FilterWheelName="Merger Wheel" FilterIndex="1" FilterName="Substrate " IsSpectrumTurnMode="0" FilterSpectrumPos="0" IndexChanged="0" SpectrumChanged="0"><BeamRoute Version="0"><BeamPosition BeamPositionLevel="0" BeamPosition="20"/><BeamPosition BeamPositionLevel="1" BeamPosition="30"/></BeamRoute></Wheel><Wheel Version="0" Qualifier="160" FilterWheelName="Galvo Slider" FilterIndex="0" FilterName="Galvo X Normal " IsSpectrumTurnMode="0" FilterSpectrumPos="0" IndexChanged="0" SpectrumChanged="0"><BeamRoute Version="0"/></Wheel><Wheel Version="0" Qualifier="180" FilterWheelName="Multi Function Port" FilterIndex="2" FilterName="SP 665" IsSpectrumTurnMode="0" FilterSpectrumPos="0" IndexChanged="0" SpectrumChanged="0"><BeamRoute Version="0"><BeamPosition BeamPositionLevel="0" BeamPosition="20"/></BeamRoute></Wheel><Wheel Version="0" Qualifier="131" FilterWheelName="Notch FW 2" FilterIndex="7" FilterName="MP1 SP 680" IsSpectrumTurnMode="0" FilterSpectrumPos="0" IndexChanged="0" SpectrumChanged="0"><BeamRoute Version="0"/></Wheel><Wheel Version="0" Qualifier="130" FilterWheelName="Polarization FW" FilterIndex="0" FilterName="Empty" IsSpectrumTurnMode="0" FilterSpectrumPos="79646" IndexChanged="0" SpectrumChanged="0"><BeamRoute Version="0"/></Wheel><Wheel Version="0" Qualifier="200" FilterWheelName="Galvo Resonant Pan" FilterIndex="0" FilterName="Galvo X Pan Center " IsSpectrumTurnMode="0" FilterSpectrumPos="0" IndexChanged="0" SpectrumChanged="0"><BeamRoute Version="0"/></Wheel><Wheel Version="0" Qualifier="170" FilterWheelName="Target Slider" FilterIndex="0" FilterName="Target Park " IsSpectrumTurnMode="0" FilterSpectrumPos="0" IndexChanged="0" SpectrumChanged="0"><BeamRoute Version="0"/></Wheel><Wheel Version="0" Qualifier="31" FilterWheelName="X2 Lens Changer" FilterIndex="0" FilterName="CS2 UV Optics 1 " IsSpectrumTurnMode="0" FilterSpectrumPos="0" IndexChanged="0" SpectrumChanged="0"><BeamRoute Version="0"/></Wheel></FilterWheel><Spectro><MultiBand Channel="1" ChannelName="Channel 1" LeftWorld="401" RightWorld="443" TargetWaveLengthBegin="401" TargetWaveLengthEnd="443" DyeName=""/><MultiBand Channel="2" ChannelName="Channel 2" LeftWorld="485" RightWorld="527" TargetWaveLengthBegin="485" TargetWaveLengthEnd="527" DyeName=""/><MultiBand Channel="3" ChannelName="Channel 3" LeftWorld="569" RightWorld="611" TargetWaveLengthBegin="569" TargetWaveLengthEnd="611" DyeName=""/><MultiBand Channel="4" ChannelName="Channel 4" LeftWorld="640.101085189634" RightWorld="679.572574064676" TargetWaveLengthBegin="640.101085189634" TargetWaveLengthEnd="679.572574064676" DyeName=""/><MultiBand Channel="5" ChannelName="Channel 5" LeftWorld="795" RightWorld="800" TargetWaveLengthBegin="795" TargetWaveLengthEnd="800" DyeName=""/></Spectro><Spectro_RLD><MultiBand Channel="1000" ChannelName="NDD1" LeftWorld="380" RightWorld="390" TargetWaveLengthBegin="380" TargetWaveLengthEnd="390" DyeName=""/><MultiBand Channel="1001" ChannelName="NDD2" LeftWorld="409.860465116279" RightWorld="530" TargetWaveLengthBegin="409.860465116279" TargetWaveLengthEnd="530" DyeName=""/><MultiBand Channel="1002" ChannelName="NDD3" LeftWorld="560.053488372094" RightWorld="659.975161429187" TargetWaveLengthBegin="560.053488372094" TargetWaveLengthEnd="659.975161429187" DyeName=""/><MultiBand Channel="1003" ChannelName="NDD4" LeftWorld="660.162474862023" RightWorld="679.832073489635" TargetWaveLengthBegin="660.162474862023" TargetWaveLengthEnd="679.832073489635" DyeName=""/></Spectro_RLD><AotfList><Aotf Version="0" LightSourceName="UV" LightSourceType="1" OpenVirtual="0" IsChanged="0" CanDoPulseFreq="0" PulsFreq="0" CanDoTwoLaserPIE="0" TwoLaserPIEPossibleLastState="0" TwoLaserPIEActive="0"><BeamRoute Version="0"><BeamPosition BeamPositionLevel="0" BeamPosition="30"/></BeamRoute><LaserLineSetting LaserLine="405" IntensityDev="0" IntensityLowDev="0" AOBSIntensityDev="-1" AOBSIntensityLowDev="-1" EnableDoubleMode="0" LineIndex="0" SequenceIndex="0" LineDeactivationFlags="0" IsLineChecked="1" OutCheckedIntensity="0" SuppressionMode="-1" IsVisible="1" CanDoFastModulation="1"/></Aotf><Aotf Version="0" LightSourceName="Visible" LightSourceType="0" OpenVirtual="0" IsChanged="0" CanDoPulseFreq="0" PulsFreq="0" CanDoTwoLaserPIE="0" TwoLaserPIEPossibleLastState="0" TwoLaserPIEActive="0"><BeamRoute Version="0"><BeamPosition BeamPositionLevel="0" BeamPosition="10"/><BeamPosition BeamPositionLevel="1" BeamPosition="0"/></BeamRoute><LaserLineSetting LaserLine="442" IntensityDev="0" IntensityLowDev="0" AOBSIntensityDev="-1" AOBSIntensityLowDev="-1" EnableDoubleMode="0" LineIndex="0" SequenceIndex="0" LineDeactivationFlags="0" IsLineChecked="1" OutCheckedIntensity="0" SuppressionMode="-1" IsVisible="1" CanDoFastModulation="1"/></Aotf><Aotf Version="0" LightSourceName="SuperContVisible2" LightSourceType="4" OpenVirtual="0" IsChanged="0" ExcitationControlMode="0" ExcitationControlModeBegin="0" ExcitationControlModeEnd="0" CanDoPulseFreq="0" PulsFreq="0" CanDoTwoLaserPIE="0" TwoLaserPIEPossibleLastState="0" TwoLaserPIEActive="0"><BeamRoute Version="0"><BeamPosition BeamPositionLevel="0" BeamPosition="10"/><BeamPosition BeamPositionLevel="1" BeamPosition="1"/></BeamRoute><LaserLineSetting LaserLine="622" IntensityDev="0.200353253074797" IntensityLowDev="0" AOBSIntensityDev="100" AOBSIntensityLowDev="0" EnableDoubleMode="0" LineIndex="0" SequenceIndex="0" LineDeactivationFlags="0" IsLineChecked="1" OutCheckedIntensity="0" SuppressionMode="1" IsVisible="1" CanDoFastModulation="1"/><LaserLineSetting LaserLine="471" IntensityDev="0" IntensityLowDev="0" AOBSIntensityDev="-1" AOBSIntensityLowDev="-1" EnableDoubleMode="0" LineIndex="1" SequenceIndex="0" LineDeactivationFlags="0" IsLineChecked="0" OutCheckedIntensity="0" SuppressionMode="-1" IsVisible="0" CanDoFastModulation="1"/><LaserLineSetting LaserLine="472" IntensityDev="0" IntensityLowDev="0" AOBSIntensityDev="-1" AOBSIntensityLowDev="-1" EnableDoubleMode="0" LineIndex="2" SequenceIndex="0" LineDeactivationFlags="0" IsLineChecked="0" OutCheckedIntensity="0" SuppressionMode="-1" IsVisible="0" CanDoFastModulation="1"/><LaserLineSetting LaserLine="473" IntensityDev="0" IntensityLowDev="0" AOBSIntensityDev="-1" AOBSIntensityLowDev="-1" EnableDoubleMode="0" LineIndex="3" SequenceIndex="0" LineDeactivationFlags="0" IsLineChecked="0" OutCheckedIntensity="0" SuppressionMode="-1" IsVisible="0" CanDoFastModulation="1"/><LaserLineSetting LaserLine="667" IntensityDev="0" IntensityLowDev="0" AOBSIntensityDev="-1" AOBSIntensityLowDev="-1" EnableDoubleMode="0" LineIndex="4" SequenceIndex="0" LineDeactivationFlags="0" IsLineChecked="0" OutCheckedIntensity="0" SuppressionMode="-1" IsVisible="0" CanDoFastModulation="1"/><LaserLineSetting LaserLine="668" IntensityDev="0" IntensityLowDev="0" AOBSIntensityDev="-1" AOBSIntensityLowDev="-1" EnableDoubleMode="0" LineIndex="5" SequenceIndex="0" LineDeactivationFlags="0" IsLineChecked="0" OutCheckedIntensity="0" SuppressionMode="-1" IsVisible="0" CanDoFastModulation="1"/><LaserLineSetting LaserLine="669" IntensityDev="0" IntensityLowDev="0" AOBSIntensityDev="-1" AOBSIntensityLowDev="-1" EnableDoubleMode="0" LineIndex="6" SequenceIndex="0" LineDeactivationFlags="0" IsLineChecked="0" OutCheckedIntensity="0" SuppressionMode="-1" IsVisible="0" CanDoFastModulation="1"/><LaserLineSetting LaserLine="670" IntensityDev="0" IntensityLowDev="0" AOBSIntensityDev="-1" AOBSIntensityLowDev="-1" EnableDoubleMode="0" LineIndex="7" SequenceIndex="0" LineDeactivationFlags="0" IsLineChecked="0" OutCheckedIntensity="0" SuppressionMode="-1" IsVisible="0" CanDoFastModulation="1"/></Aotf><Aotf Version="0" LightSourceName="MP Light" LightSourceType="3" OpenVirtual="0" IsChanged="0" ExcitationControlMode="0" ExcitationControlModeBegin="0" ExcitationControlModeEnd="0" CanDoPulseFreq="0" PulsFreq="0" CanDoTwoLaserPIE="0" TwoLaserPIEPossibleLastState="0" TwoLaserPIEActive="0"><BeamRoute Version="0"><BeamPosition BeamPositionLevel="0" BeamPosition="20"/><BeamPosition BeamPositionLevel="1" BeamPosition="30"/></BeamRoute><LaserLineSetting LaserLine="1040" IntensityDev="0" IntensityLowDev="0" AOBSIntensityDev="-1" AOBSIntensityLowDev="-1" EnableDoubleMode="0" LineIndex="0" SequenceIndex="0" LineDeactivationFlags="0" IsLineChecked="1" OutCheckedIntensity="0" SuppressionMode="-1" IsVisible="1" CanDoFastModulation="1"/></Aotf><Aotf Version="0" LightSourceName="MP Light 2" LightSourceType="3" OpenVirtual="0" IsChanged="0" ExcitationControlMode="0" ExcitationControlModeBegin="0" ExcitationControlModeEnd="0" CanDoPulseFreq="0" PulsFreq="0" CanDoTwoLaserPIE="0" TwoLaserPIEPossibleLastState="0" TwoLaserPIEActive="0"><BeamRoute Version="0"><BeamPosition BeamPositionLevel="0" BeamPosition="20"/><BeamPosition BeamPositionLevel="1" BeamPosition="20"/></BeamRoute><LaserLineSetting LaserLine="740" IntensityDev="10.9747909418299" IntensityLowDev="0" AOBSIntensityDev="-1" AOBSIntensityLowDev="-1" EnableDoubleMode="0" LineIndex="0" SequenceIndex="0" LineDeactivationFlags="0" IsLineChecked="1" OutCheckedIntensity="0" SuppressionMode="-1" IsVisible="1" CanDoFastModulation="1"/></Aotf></AotfList><LUT_List><LUT Channel="1" LutName="Gray"/><LUT Channel="2" LutName="Green"/><LUT Channel="3" LutName="Red"/><LUT Channel="4" LutName="Magenta"/><LUT Channel="5" LutName="Cyan"/><LUT Channel="100" LutName="Gray"/><LUT Channel="1000" LutName="Red"/><LUT Channel="1001" LutName="Blue"/><LUT Channel="1002" LutName="Green"/><LUT Channel="1003" LutName="Red"/><LUT Channel="2000" LutName="Gray"/><LUT Channel="2001" LutName="Green"/><LUT Channel="2002" LutName="Red"/><LUT Channel="2003" LutName="Blue"/><LUT Channel="2004" LutName="Cyan"/><LUT Channel="2005" LutName="Magenta"/><LUT Channel="2006" LutName="Yellow"/><LUT Channel="2007" LutName="Glow"/><LUT Channel="3000" LutName="Gray"/></LUT_List><DetectorList DetectorAutoSelection="1" InExternalDetectionMode="0"><Detector Name="HyD SMD 1" Type="HyD" ScanType="Internal" Channel="1" ChannelName="Channel 1" IsActive="0" Gain="99.9981315396114" Offset="-6.6666666666606E-03" IsSTEDDetector="1" IsSRSDetector="0" DetectionRangeBegin="0" DetectionRangeEnd="0" Phase="0" IsFlimDetector="0" IsHPDDetector="1" IsEnabled="0" IsHPDOverloaded="0" CanDoPhotonCounting="1" AcquisitionMode="0" AcquisitionModeName="PhotonIntegration" CanDoTimeGate="1" IsTimeGateActivated="0" TimeGatePulseStart="300" TimeGateWavelength="-1" TimeGatePulseEnd="6000"/><Detector Name="HyD SMD 2" Type="HyD" ScanType="Internal" Channel="2" ChannelName="Channel 2" IsActive="0" Gain="99.9981315396114" Offset="-6.6666666666606E-03" IsSTEDDetector="1" IsSRSDetector="0" DetectionRangeBegin="0" DetectionRangeEnd="0" Phase="0" IsFlimDetector="0" IsHPDDetector="1" IsEnabled="0" IsHPDOverloaded="0" CanDoPhotonCounting="1" AcquisitionMode="0" AcquisitionModeName="PhotonIntegration" CanDoTimeGate="1" IsTimeGateActivated="0" TimeGatePulseStart="300" TimeGateWavelength="-1" TimeGatePulseEnd="6000"/><Detector Name="PMT 3" Type="PMT" ScanType="Internal" Channel="3" ChannelName="Channel 3" IsActive="0" Gain="0" Offset="0" IsSTEDDetector="1" IsSRSDetector="0" DetectionRangeBegin="0" DetectionRangeEnd="0" Phase="0" IsFlimDetector="0" IsHPDDetector="0" CanDoTimeGate="0"/><Detector Name="HyD SMD 4" Type="HyD" ScanType="Internal" Channel="4" ChannelName="Channel 4" IsActive="0" Gain="10" Offset="-6.6666666666606E-03" IsSTEDDetector="1" IsSRSDetector="0" DetectionRangeBegin="0" DetectionRangeEnd="0" Phase="0" IsFlimDetector="0" IsHPDDetector="1" IsEnabled="0" IsHPDOverloaded="0" CanDoPhotonCounting="1" AcquisitionMode="1" AcquisitionModeName="PhotonCounting" CanDoTimeGate="1" IsTimeGateActivated="0" TimeGatePulseStart="300" TimeGateWavelength="-1" TimeGatePulseEnd="6000"/><Detector Name="HyD SMD 5" Type="HyD" ScanType="Internal" Channel="5" ChannelName="Channel 5" IsActive="0" Gain="99.9981315396114" Offset="-6.6666666666606E-03" IsSTEDDetector="1" IsSRSDetector="0" DetectionRangeBegin="0" DetectionRangeEnd="0" Phase="0" IsFlimDetector="0" IsHPDDetector="1" IsEnabled="0" IsHPDOverloaded="0" CanDoPhotonCounting="1" AcquisitionMode="0" AcquisitionModeName="PhotonIntegration" CanDoTimeGate="1" IsTimeGateActivated="0" TimeGatePulseStart="300" TimeGateWavelength="-1" TimeGatePulseEnd="6000"/><Detector Name="PMT Trans" Type="PMT" ScanType="TLD" Channel="100" ChannelName="Transmission Channel" IsActive="1" Gain="340.009155413138" Offset="0" IsSTEDDetector="0" IsSRSDetector="0" DetectionRangeBegin="0" DetectionRangeEnd="0" Phase="0" IsFlimDetector="0" IsHPDDetector="0" CanDoTimeGate="0"/><Detector Name="HyD-RLD 1 (SMD) " Type="HyD" ScanType="RLD" Channel="1000" ChannelName="NDD1" IsActive="0" Gain="99.9981315396114" Offset="-6.6666666666606E-03" IsSTEDDetector="0" IsSRSDetector="0" DetectionRangeBegin="0" DetectionRangeEnd="0" Phase="0" IsFlimDetector="0" IsHPDDetector="1" IsEnabled="0" IsHPDOverloaded="0" CanDoPhotonCounting="1" AcquisitionMode="0" AcquisitionModeName="PhotonIntegration" CanDoTimeGate="0"/><Detector Name="HyD-RLD 2 (SMD)" Type="HyD" ScanType="RLD" Channel="1001" ChannelName="NDD2" IsActive="1" Gain="10" Offset="-6.6666666666606E-03" IsSTEDDetector="0" IsSRSDetector="0" DetectionRangeBegin="0" DetectionRangeEnd="0" Phase="0" IsFlimDetector="0" IsHPDDetector="1" IsEnabled="1" IsHPDOverloaded="0" CanDoPhotonCounting="1" AcquisitionMode="1" AcquisitionModeName="PhotonCounting" CanDoTimeGate="0"/><Detector Name="HyD-RLD 3 (SMD)" Type="HyD" ScanType="RLD" Channel="1002" ChannelName="NDD3" IsActive="0" Gain="10" Offset="-6.6666666666606E-03" IsSTEDDetector="0" IsSRSDetector="0" DetectionRangeBegin="0" DetectionRangeEnd="0" Phase="0" IsFlimDetector="0" IsHPDDetector="1" IsEnabled="0" IsHPDOverloaded="0" CanDoPhotonCounting="1" AcquisitionMode="1" AcquisitionModeName="PhotonCounting" CanDoTimeGate="0"/><Detector Name="HyD-RLD 4 (SMD)" Type="HyD" ScanType="RLD" Channel="1003" ChannelName="NDD4" IsActive="0" Gain="10" Offset="-6.6666666666606E-03" IsSTEDDetector="0" IsSRSDetector="0" DetectionRangeBegin="0" DetectionRangeEnd="0" Phase="0" IsFlimDetector="0" IsHPDDetector="1" IsEnabled="0" IsHPDOverloaded="0" CanDoPhotonCounting="1" AcquisitionMode="1" AcquisitionModeName="PhotonCounting" CanDoTimeGate="0"/></DetectorList><LaserArray><Laser Version="6" LightSourceType="1" LaserName="405 Diode" PowerState="Off" StedAlignFlag="0" CanDoLinearOutputPower="0" CanDoPulsing="0" CanDoOutputPowerWatt="1" HighPowerModeActive="0" LightSourceName="UV" OutputPowerWatt="0" Wavelength="405" CanDoChangeWavelength="0"><BeamRoute Version="0"><BeamPosition BeamPositionLevel="0" BeamPosition="30"/></BeamRoute></Laser><Laser Version="6" LightSourceType="0" LaserName="442 Diode" PowerState="Off" StedAlignFlag="0" CanDoLinearOutputPower="0" CanDoPulsing="0" CanDoOutputPowerWatt="1" HighPowerModeActive="0" LightSourceName="Visible" OutputPowerWatt="0" Wavelength="442" CanDoChangeWavelength="0"><BeamRoute Version="0"><BeamPosition BeamPositionLevel="0" BeamPosition="10"/><BeamPosition BeamPositionLevel="1" BeamPosition="0"/></BeamRoute></Laser><Laser Version="6" LightSourceType="4" LaserName="WLL" PowerState="On" StedAlignFlag="1" CanDoLinearOutputPower="1" CanDoPulsing="1" CanDoOutputPowerWatt="1" HighPowerModeActive="0" LightSourceName="SuperContVisible2" OutputPowerWatt="0" OutputPowerPercentage="0.7" Wavelength="0" PulsePickerRatio="80" CanDoChangeWavelength="0"><BeamRoute Version="0"><BeamPosition BeamPositionLevel="0" BeamPosition="10"/><BeamPosition BeamPositionLevel="1" BeamPosition="1"/></BeamRoute></Laser><Laser Version="6" LightSourceType="3" LaserName="Laser Fix" PowerState="On" StedAlignFlag="0" CanDoLinearOutputPower="0" CanDoPulsing="1" CanDoOutputPowerWatt="0" HighPowerModeActive="0" LightSourceName="MP Light" Wavelength="1040" CanDoChangeWavelength="0"><BeamRoute Version="0"><BeamPosition BeamPositionLevel="0" BeamPosition="20"/><BeamPosition BeamPositionLevel="1" BeamPosition="30"/></BeamRoute></Laser><Laser Version="6" LightSourceType="3" LaserName="Laser Tunable" PowerState="On" StedAlignFlag="0" CanDoLinearOutputPower="0" CanDoPulsing="1" CanDoOutputPowerWatt="1" HighPowerModeActive="0" LightSourceName="MP Light 2" OutputPowerWatt="2.52" Wavelength="740" PumpOutputPower="0" GDDCurveID="1" CanDoChangeWavelength="1" TuningRangeMin="680" TuningRangeMax="1300"><BeamRoute Version="0"><BeamPosition BeamPositionLevel="0" BeamPosition="20"/><BeamPosition BeamPositionLevel="1" BeamPosition="20"/></BeamRoute></Laser></LaserArray><OnlineDyeSeparation Enabled="0" KeepRawImage="0" Detectors="0" Channels="0" Normalize="0"><OnlineDyeSeparationDetectorList/><OnlineDyeSeparationChannelList/></OnlineDyeSeparation><LifetimeDetection FrameCompleteCondition="1" FrameDuration="1" FrameRepetitions="3" MaximumPhotonCounts="100" PhotonCountsCondition="1" ChannelLinkActive="0" ExclusiveWhitelightLaserLine="0"><DetectorAssignments><DetectorAssignment Detector="1001" AutomaticAssigned="1" LaserWavelength="740" LaserName="Laser Tunable"/></DetectorAssignments><ChannelLinks><ChannelLink Channel="0" Detector="1001"/><ChannelLink Channel="1" Detector="0"/><ChannelLink Channel="2" Detector="0"/><ChannelLink Channel="3" Detector="0"/></ChannelLinks><Channels/><CrossCorrelations/></LifetimeDetection><VariableBeamExpanderFactors CommonSettingEnabled="1" CommonFactor="1.03"><VariableBeamExpanderFactor Factor="1.03" Offset="0" Wavelength="740"><BeamRoute Version="0"><BeamPosition BeamPositionLevel="0" BeamPosition="20"/><BeamPosition BeamPositionLevel="1" BeamPosition="20"/></BeamRoute></VariableBeamExpanderFactor><VariableBeamExpanderFactor Factor="1.03" Offset="0" Wavelength="1040"><BeamRoute Version="0"><BeamPosition BeamPositionLevel="0" BeamPosition="20"/><BeamPosition BeamPositionLevel="1" BeamPosition="30"/></BeamRoute></VariableBeamExpanderFactor></VariableBeamExpanderFactors></ATLConfocalSettingDefinition><LDM_Block_Sequential SequentialMode="1" AutoFocusSequence="1" BlockName="Job(Seq.Scan) 1"><LDM_Block_Sequential_Master><ATLConfocalSettingDefinition VersionNumber="15" UserSettingName="S5" CanDoSTED="0" IsSTEDActive="0" IsSwitchForPulsedStedWithMpActive="0" UseSystemOptimizedVoxelCalculation="1" IsUserSettingNameSet="0" IsHydPulsedModeCoeffntManualActive="0" XGalvoMovementMode="1" XGalvoMovementModeName="linear" BitSize="8" MaxIntegrationTime="0" ScanMode="xyz" ZUseMode="2" ZUseModeName="z-wide" ZPosition="0.002994439875" IsSuperZ="0" ValidBeginStack="0" ValidEndStack="0" Sections="1" StackCalculationMode="2" StackCalculationModeName="System optimized step size" IsMPFormulaForStepSizerUsageActive="0" IsFastZStack="0" ZStackDirectionMode="1" ZStackDirectionModeName="Unidirectional" StagePosX="0.06116860149416" StagePosY="0.03996823148938" StageRangeX="0.126999934976" StageRangeY="0.082999957504" FlipX="0" FlipY="1" SwapXY="1" Magnification="40" ObjectivePos="4" ObjectiveName="HC PL IRAPO    40x/1.10 WATER " ObjectiveNumber="11506352" MicroscopeModel="DMI8-CS" IsInverseMicroscopeModel="1" Immersion="WATER" NumericalAperture="1.1" RefractionIndex="1.33" IsFCSFilterAutomationActive="0" IsSMDChaserUVAOTFAutomationActive="0" CanDoCSMode="1" ActiveCS_SubModeForTLD="1000" ActiveCS_SubModeForTLDName="TLD/RLD" ActiveCS_SubModeForRLD="1000" ActiveCS_SubModeForRLDName="TLD/RLD" RldFluoCubePos="4" RldCubeAutoSelectionEnabled="1" LastNonMP_MFP_FW_Name="Substrate " LastNonMP_Pol_FW_Name="Empty" ScanSpeed="100" InDimension="512" OutDimension="512" UseScanFormatRestriction="0" Zoom="4.49392282241613" BaseZoom="0.75" PanFirstDim="8.67361737988404E-19" PanSecondDim="8.67361737988404E-19" ScanDirectionX="1" ScanDirectionXName="Unidirectional" RotatorAngle="0" Pinhole="8.38241570635937E-05" PinholeAiry="0.999724312277225" EmissionWavelengthForPinholeAiryCalculation="630" FrameAverage="3" LineAverage="1" FrameAccumulation="1" Line_Accumulation="1" AreBleachPointsEnabled="0" InTrigger="-1" OutTrigger="-1" IsRoiScanEnable="0" Is3DLimitedRoiScanEnable="0" ZCompensationModes="0" WizardMode="0" IsConstantIntegrationTimeActive="1" PixelDwellTime="0.000001725" SystemSerialNumber="8110001994"><EasySRMappingArray/><EasySRSlider SRRelative="75" ThreeDRelative="0" GentleRelative="25"/><Quantity Value="0.00000002" Unit=""/><AdditionalZPositionList><AdditionalZPosition Valid="1" SuperZMode="1" SuperZModeName="RestrictedRange" ZMode="1" ZUseModeName="z-galvo" ZPosition="-2.3841880645312E-10"/><AdditionalZPosition Valid="1" SuperZMode="1" SuperZModeName="RestrictedRange" ZMode="2" ZUseModeName="z-wide" ZPosition="0.002994439875"/></AdditionalZPositionList><ClimateControl CanDoClimateControl="0" ClimateControlCurrentlyInUse="0" NumberOfUnits="0"/><ShutterList><Shutter Version="0" LightSourceType="1" LightSourceName="UV" IsActive="0"><BeamRoute Version="0"><BeamPosition BeamPositionLevel="0" BeamPosition="30"/></BeamRoute></Shutter><Shutter Version="0" LightSourceType="0" LightSourceName="Visible" IsActive="0"><BeamRoute Version="0"><BeamPosition BeamPositionLevel="0" BeamPosition="10"/><BeamPosition BeamPositionLevel="1" BeamPosition="0"/></BeamRoute></Shutter><Shutter Version="0" LightSourceType="4" LightSourceName="SuperContVisible2" IsActive="0"><BeamRoute Version="0"><BeamPosition BeamPositionLevel="0" BeamPosition="10"/><BeamPosition BeamPositionLevel="1" BeamPosition="1"/></BeamRoute></Shutter><Shutter Version="0" LightSourceType="3" LightSourceName="MP Light" IsActive="0"><BeamRoute Version="0"><BeamPosition BeamPositionLevel="0" BeamPosition="20"/><BeamPosition BeamPositionLevel="1" BeamPosition="30"/></BeamRoute></Shutter><Shutter Version="0" LightSourceType="3" LightSourceName="MP Light 2" IsActive="1"><BeamRoute Version="0"><BeamPosition BeamPositionLevel="0" BeamPosition="20"/><BeamPosition BeamPositionLevel="1" BeamPosition="20"/></BeamRoute></Shutter></ShutterList><BleachPoints><LMSDataContainerHeader Version="2"><Element Name="BleachPointROISet" Visibility="2" CopyOption="1" UniqueID="ca9b6ca2-b9ae-11eb-b1a7-48df37181569"><Data><ROISet ROISetType="1" PossibleChildROITypes="-1" PossibleROITransforms="65535" PossibleROIActions="65535"/></Data>
									<Memory Size="0" MemoryBlockID="MemBlock_571"/><Children/></Element></LMSDataContainerHeader>
						</BleachPoints><ATLConfocalBleachPointsSettings/><FilterWheel FluorifierAutoSelection="1" BeamSplitterAutoSelection="0" StedBeamSelectionPinholeCoupling="0" MultiFunctionPortAutoSelection="1" BeamMergerAutoSelectionEnabled="1" RldBlockingFilterAutoSelectionEnabled="1"><Wheel Version="0" Qualifier="230" FilterWheelName="RLD Blocking Slider" FilterIndex="1" FilterName="SP 680" IsSpectrumTurnMode="0" FilterSpectrumPos="0" IndexChanged="0" SpectrumChanged="0"><BeamRoute Version="0"><BeamPosition BeamPositionLevel="0" BeamPosition="20"/></BeamRoute></Wheel><Wheel Version="0" Qualifier="250" FilterWheelName="Merger Wheel" FilterIndex="1" FilterName="Substrate " IsSpectrumTurnMode="0" FilterSpectrumPos="0" IndexChanged="0" SpectrumChanged="0"><BeamRoute Version="0"><BeamPosition BeamPositionLevel="0" BeamPosition="20"/><BeamPosition BeamPositionLevel="1" BeamPosition="30"/></BeamRoute></Wheel><Wheel Version="0" Qualifier="160" FilterWheelName="Galvo Slider" FilterIndex="0" FilterName="Galvo X Normal " IsSpectrumTurnMode="0" FilterSpectrumPos="0" IndexChanged="0" SpectrumChanged="0"><BeamRoute Version="0"/></Wheel><Wheel Version="0" Qualifier="180" FilterWheelName="Multi Function Port" FilterIndex="4" FilterName="Substrate " IsSpectrumTurnMode="0" FilterSpectrumPos="0" IndexChanged="1" SpectrumChanged="0"><BeamRoute Version="0"><BeamPosition BeamPositionLevel="0" BeamPosition="20"/></BeamRoute></Wheel><Wheel Version="0" Qualifier="131" FilterWheelName="Notch FW 2" FilterIndex="7" FilterName="MP1 SP 680" IsSpectrumTurnMode="0" FilterSpectrumPos="0" IndexChanged="1" SpectrumChanged="0"><BeamRoute Version="0"/></Wheel><Wheel Version="0" Qualifier="130" FilterWheelName="Polarization FW" FilterIndex="0" FilterName="Empty" IsSpectrumTurnMode="0" FilterSpectrumPos="79646" IndexChanged="0" SpectrumChanged="0"><BeamRoute Version="0"/></Wheel><Wheel Version="0" Qualifier="200" FilterWheelName="Galvo Resonant Pan" FilterIndex="0" FilterName="Galvo X Pan Center " IsSpectrumTurnMode="0" FilterSpectrumPos="0" IndexChanged="0" SpectrumChanged="0"><BeamRoute Version="0"/></Wheel><Wheel Version="0" Qualifier="170" FilterWheelName="Target Slider" FilterIndex="0" FilterName="Target Park " IsSpectrumTurnMode="0" FilterSpectrumPos="0" IndexChanged="0" SpectrumChanged="0"><BeamRoute Version="0"/></Wheel><Wheel Version="0" Qualifier="31" FilterWheelName="X2 Lens Changer" FilterIndex="0" FilterName="CS2 UV Optics 1 " IsSpectrumTurnMode="0" FilterSpectrumPos="0" IndexChanged="0" SpectrumChanged="0"><BeamRoute Version="0"/></Wheel></FilterWheel><Spectro><MultiBand Channel="1" ChannelName="Channel 1" LeftWorld="401" RightWorld="443" TargetWaveLengthBegin="401" TargetWaveLengthEnd="443" DyeName=""/><MultiBand Channel="2" ChannelName="Channel 2" LeftWorld="485" RightWorld="527" TargetWaveLengthBegin="485" TargetWaveLengthEnd="527" DyeName=""/><MultiBand Channel="3" ChannelName="Channel 3" LeftWorld="569" RightWorld="611" TargetWaveLengthBegin="569" TargetWaveLengthEnd="611" DyeName=""/><MultiBand Channel="4" ChannelName="Channel 4" LeftWorld="640.101085189634" RightWorld="679.572574064676" TargetWaveLengthBegin="640.101085189634" TargetWaveLengthEnd="679.572574064676" DyeName=""/><MultiBand Channel="5" ChannelName="Channel 5" LeftWorld="795" RightWorld="800" TargetWaveLengthBegin="795" TargetWaveLengthEnd="800" DyeName=""/></Spectro><Spectro_RLD><MultiBand Channel="1000" ChannelName="NDD1" LeftWorld="380" RightWorld="390" TargetWaveLengthBegin="380" TargetWaveLengthEnd="390" DyeName=""/><MultiBand Channel="1001" ChannelName="NDD2" LeftWorld="409.860465116279" RightWorld="530" TargetWaveLengthBegin="409.860465116279" TargetWaveLengthEnd="530" DyeName=""/><MultiBand Channel="1002" ChannelName="NDD3" LeftWorld="560.379069767444" RightWorld="659.681395348837" TargetWaveLengthBegin="560.379069767444" TargetWaveLengthEnd="659.681395348837" DyeName=""/><MultiBand Channel="1003" ChannelName="NDD4" LeftWorld="660.162474862023" RightWorld="679.832073489635" TargetWaveLengthBegin="660.162474862023" TargetWaveLengthEnd="679.832073489635" DyeName=""/></Spectro_RLD><AotfList><Aotf Version="0" LightSourceName="UV" LightSourceType="1" OpenVirtual="0" IsChanged="0" CanDoPulseFreq="0" PulsFreq="0" CanDoTwoLaserPIE="0" TwoLaserPIEPossibleLastState="0" TwoLaserPIEActive="0"><BeamRoute Version="0"><BeamPosition BeamPositionLevel="0" BeamPosition="30"/></BeamRoute><LaserLineSetting LaserLine="405" IntensityDev="0" IntensityLowDev="0" AOBSIntensityDev="-1" AOBSIntensityLowDev="-1" EnableDoubleMode="0" LineIndex="0" SequenceIndex="0" LineDeactivationFlags="0" IsLineChecked="1" OutCheckedIntensity="0" SuppressionMode="-1" IsVisible="1" CanDoFastModulation="1"/></Aotf><Aotf Version="0" LightSourceName="Visible" LightSourceType="0" OpenVirtual="0" IsChanged="1" CanDoPulseFreq="0" PulsFreq="0" CanDoTwoLaserPIE="0" TwoLaserPIEPossibleLastState="0" TwoLaserPIEActive="0"><BeamRoute Version="0"><BeamPosition BeamPositionLevel="0" BeamPosition="10"/><BeamPosition BeamPositionLevel="1" BeamPosition="0"/></BeamRoute><LaserLineSetting LaserLine="442" IntensityDev="0" IntensityLowDev="0" AOBSIntensityDev="-1" AOBSIntensityLowDev="-1" EnableDoubleMode="0" LineIndex="0" SequenceIndex="0" LineDeactivationFlags="0" IsLineChecked="1" OutCheckedIntensity="0" SuppressionMode="-1" IsVisible="1" CanDoFastModulation="1"/></Aotf><Aotf Version="0" LightSourceName="SuperContVisible2" LightSourceType="4" OpenVirtual="0" IsChanged="1" ExcitationControlMode="0" ExcitationControlModeBegin="0" ExcitationControlModeEnd="0" CanDoPulseFreq="0" PulsFreq="0" CanDoTwoLaserPIE="0" TwoLaserPIEPossibleLastState="0" TwoLaserPIEActive="0"><BeamRoute Version="0"><BeamPosition BeamPositionLevel="0" BeamPosition="10"/><BeamPosition BeamPositionLevel="1" BeamPosition="1"/></BeamRoute><LaserLineSetting LaserLine="622" IntensityDev="0.499851128208343" IntensityLowDev="0" AOBSIntensityDev="100" AOBSIntensityLowDev="-1" EnableDoubleMode="0" LineIndex="0" SequenceIndex="0" LineDeactivationFlags="0" IsLineChecked="1" OutCheckedIntensity="0" SuppressionMode="1" IsVisible="1" CanDoFastModulation="1"/><LaserLineSetting LaserLine="471" IntensityDev="0" IntensityLowDev="0" AOBSIntensityDev="-1" AOBSIntensityLowDev="-1" EnableDoubleMode="0" LineIndex="1" SequenceIndex="0" LineDeactivationFlags="0" IsLineChecked="0" OutCheckedIntensity="0" SuppressionMode="-1" IsVisible="0" CanDoFastModulation="1"/><LaserLineSetting LaserLine="472" IntensityDev="0" IntensityLowDev="0" AOBSIntensityDev="-1" AOBSIntensityLowDev="-1" EnableDoubleMode="0" LineIndex="2" SequenceIndex="0" LineDeactivationFlags="0" IsLineChecked="0" OutCheckedIntensity="0" SuppressionMode="-1" IsVisible="0" CanDoFastModulation="1"/><LaserLineSetting LaserLine="473" IntensityDev="0" IntensityLowDev="0" AOBSIntensityDev="-1" AOBSIntensityLowDev="-1" EnableDoubleMode="0" LineIndex="3" SequenceIndex="0" LineDeactivationFlags="0" IsLineChecked="0" OutCheckedIntensity="0" SuppressionMode="-1" IsVisible="0" CanDoFastModulation="1"/><LaserLineSetting LaserLine="667" IntensityDev="0" IntensityLowDev="0" AOBSIntensityDev="-1" AOBSIntensityLowDev="-1" EnableDoubleMode="0" LineIndex="4" SequenceIndex="0" LineDeactivationFlags="0" IsLineChecked="0" OutCheckedIntensity="0" SuppressionMode="-1" IsVisible="0" CanDoFastModulation="1"/><LaserLineSetting LaserLine="668" IntensityDev="0" IntensityLowDev="0" AOBSIntensityDev="-1" AOBSIntensityLowDev="-1" EnableDoubleMode="0" LineIndex="5" SequenceIndex="0" LineDeactivationFlags="0" IsLineChecked="0" OutCheckedIntensity="0" SuppressionMode="-1" IsVisible="0" CanDoFastModulation="1"/><LaserLineSetting LaserLine="669" IntensityDev="0" IntensityLowDev="0" AOBSIntensityDev="-1" AOBSIntensityLowDev="-1" EnableDoubleMode="0" LineIndex="6" SequenceIndex="0" LineDeactivationFlags="0" IsLineChecked="0" OutCheckedIntensity="0" SuppressionMode="-1" IsVisible="0" CanDoFastModulation="1"/><LaserLineSetting LaserLine="670" IntensityDev="0" IntensityLowDev="0" AOBSIntensityDev="-1" AOBSIntensityLowDev="-1" EnableDoubleMode="0" LineIndex="7" SequenceIndex="0" LineDeactivationFlags="0" IsLineChecked="0" OutCheckedIntensity="0" SuppressionMode="-1" IsVisible="0" CanDoFastModulation="1"/></Aotf><Aotf Version="0" LightSourceName="MP Light" LightSourceType="3" OpenVirtual="0" IsChanged="0" ExcitationControlMode="0" ExcitationControlModeBegin="0" ExcitationControlModeEnd="0" CanDoPulseFreq="0" PulsFreq="0" CanDoTwoLaserPIE="0" TwoLaserPIEPossibleLastState="0" TwoLaserPIEActive="0"><BeamRoute Version="0"><BeamPosition BeamPositionLevel="0" BeamPosition="20"/><BeamPosition BeamPositionLevel="1" BeamPosition="30"/></BeamRoute><LaserLineSetting LaserLine="1040" IntensityDev="0" IntensityLowDev="0" AOBSIntensityDev="-1" AOBSIntensityLowDev="-1" EnableDoubleMode="0" LineIndex="0" SequenceIndex="0" LineDeactivationFlags="0" IsLineChecked="1" OutCheckedIntensity="0" SuppressionMode="-1" IsVisible="1" CanDoFastModulation="1"/></Aotf><Aotf Version="0" LightSourceName="MP Light 2" LightSourceType="3" OpenVirtual="0" IsChanged="0" ExcitationControlMode="0" ExcitationControlModeBegin="0" ExcitationControlModeEnd="0" CanDoPulseFreq="0" PulsFreq="0" CanDoTwoLaserPIE="0" TwoLaserPIEPossibleLastState="0" TwoLaserPIEActive="0"><BeamRoute Version="0"><BeamPosition BeamPositionLevel="0" BeamPosition="20"/><BeamPosition BeamPositionLevel="1" BeamPosition="20"/></BeamRoute><LaserLineSetting LaserLine="740" LaserLineDouble="740" IntensityDev="0" IntensityLowDev="0" AOBSIntensityDev="-1" AOBSIntensityLowDev="-1" EnableDoubleMode="0" LineIndex="0" SequenceIndex="0" LineDeactivationFlags="0" IsLineChecked="1" OutCheckedIntensity="0" SuppressionMode="-1" IsVisible="1" CanDoFastModulation="1"/></Aotf></AotfList><LUT_List><LUT Channel="1" LutName="Gray"/><LUT Channel="2" LutName="Green"/><LUT Channel="3" LutName="Red"/><LUT Channel="4" LutName="Blue"/><LUT Channel="5" LutName="Cyan"/><LUT Channel="100" LutName="Gray"/><LUT Channel="1000" LutName="Red"/><LUT Channel="1001" LutName="Blue"/><LUT Channel="1002" LutName="Green"/><LUT Channel="1003" LutName="Red"/><LUT Channel="2000" LutName="Gray"/><LUT Channel="2001" LutName="Green"/><LUT Channel="2002" LutName="Red"/><LUT Channel="2003" LutName="Blue"/><LUT Channel="2004" LutName="Cyan"/><LUT Channel="2005" LutName="Magenta"/><LUT Channel="2006" LutName="Yellow"/><LUT Channel="2007" LutName="Glow"/><LUT Channel="3000" LutName="Gray"/></LUT_List><DetectorList DetectorAutoSelection="1" InExternalDetectionMode="1"><Detector Name="HyD SMD 1" Type="HyD" ScanType="Internal" Channel="1" ChannelName="Channel 1" IsActive="0" Gain="99.9981315396114" Offset="-6.6666666666606E-03" IsSTEDDetector="1" IsSRSDetector="0" DetectionRangeBegin="0" DetectionRangeEnd="0" Phase="0" IsFlimDetector="0" IsHPDDetector="1" IsEnabled="0" IsHPDOverloaded="0" CanDoPhotonCounting="1" AcquisitionMode="0" AcquisitionModeName="PhotonIntegration" CanDoTimeGate="1" IsTimeGateActivated="0" TimeGatePulseStart="300" TimeGateWavelength="-1" TimeGatePulseEnd="6000"/><Detector Name="HyD SMD 2" Type="HyD" ScanType="Internal" Channel="2" ChannelName="Channel 2" IsActive="0" Gain="99.9981315396114" Offset="-6.6666666666606E-03" IsSTEDDetector="1" IsSRSDetector="0" DetectionRangeBegin="0" DetectionRangeEnd="0" Phase="0" IsFlimDetector="0" IsHPDDetector="1" IsEnabled="0" IsHPDOverloaded="0" CanDoPhotonCounting="1" AcquisitionMode="0" AcquisitionModeName="PhotonIntegration" CanDoTimeGate="1" IsTimeGateActivated="0" TimeGatePulseStart="300" TimeGateWavelength="-1" TimeGatePulseEnd="6000"/><Detector Name="PMT 3" Type="PMT" ScanType="Internal" Channel="3" ChannelName="Channel 3" IsActive="0" Gain="0" Offset="0" IsSTEDDetector="1" IsSRSDetector="0" DetectionRangeBegin="0" DetectionRangeEnd="0" Phase="0" IsFlimDetector="0" IsHPDDetector="0" CanDoTimeGate="0"/><Detector Name="HyD SMD 4" Type="HyD" ScanType="Internal" Channel="4" ChannelName="Channel 4" IsActive="0" Gain="10" Offset="-6.6666666666606E-03" IsSTEDDetector="1" IsSRSDetector="0" DetectionRangeBegin="0" DetectionRangeEnd="0" Phase="0" IsFlimDetector="0" IsHPDDetector="1" IsEnabled="0" IsHPDOverloaded="0" CanDoPhotonCounting="1" AcquisitionMode="1" AcquisitionModeName="PhotonCounting" CanDoTimeGate="1" IsTimeGateActivated="0" TimeGatePulseStart="300" TimeGateWavelength="-1" TimeGatePulseEnd="6000"/><Detector Name="HyD SMD 5" Type="HyD" ScanType="Internal" Channel="5" ChannelName="Channel 5" IsActive="0" Gain="99.9981315396114" Offset="-6.6666666666606E-03" IsSTEDDetector="1" IsSRSDetector="0" DetectionRangeBegin="0" DetectionRangeEnd="0" Phase="0" IsFlimDetector="0" IsHPDDetector="1" IsEnabled="0" IsHPDOverloaded="0" CanDoPhotonCounting="1" AcquisitionMode="0" AcquisitionModeName="PhotonIntegration" CanDoTimeGate="1" IsTimeGateActivated="0" TimeGatePulseStart="300" TimeGateWavelength="-1" TimeGatePulseEnd="6000"/><Detector Name="PMT Trans" Type="PMT" ScanType="TLD" Channel="100" ChannelName="Transmission Channel" IsActive="1" Gain="600.003814755474" Offset="0" IsSTEDDetector="0" IsSRSDetector="0" DetectionRangeBegin="0" DetectionRangeEnd="0" Phase="0" IsFlimDetector="0" IsHPDDetector="0" CanDoTimeGate="0"/><Detector Name="HyD-RLD 1 (SMD) " Type="HyD" ScanType="RLD" Channel="1000" ChannelName="NDD1" IsActive="0" Gain="99.9981315396114" Offset="-6.6666666666606E-03" IsSTEDDetector="0" IsSRSDetector="0" DetectionRangeBegin="0" DetectionRangeEnd="0" Phase="0" IsFlimDetector="0" IsHPDDetector="1" IsEnabled="0" IsHPDOverloaded="0" CanDoPhotonCounting="1" AcquisitionMode="0" AcquisitionModeName="PhotonIntegration" CanDoTimeGate="0"/><Detector Name="HyD-RLD 2 (SMD)" Type="HyD" ScanType="RLD" Channel="1001" ChannelName="NDD2" IsActive="1" Gain="10" Offset="-6.6666666666606E-03" IsSTEDDetector="0" IsSRSDetector="0" DetectionRangeBegin="0" DetectionRangeEnd="0" Phase="0" IsFlimDetector="0" IsHPDDetector="1" IsEnabled="1" IsHPDOverloaded="0" CanDoPhotonCounting="1" AcquisitionMode="1" AcquisitionModeName="PhotonCounting" CanDoTimeGate="0"/><Detector Name="HyD-RLD 3 (SMD)" Type="HyD" ScanType="RLD" Channel="1002" ChannelName="NDD3" IsActive="0" Gain="10" Offset="-6.6666666666606E-03" IsSTEDDetector="0" IsSRSDetector="0" DetectionRangeBegin="0" DetectionRangeEnd="0" Phase="0" IsFlimDetector="0" IsHPDDetector="1" IsEnabled="0" IsHPDOverloaded="0" CanDoPhotonCounting="1" AcquisitionMode="1" AcquisitionModeName="PhotonCounting" CanDoTimeGate="0"/><Detector Name="HyD-RLD 4 (SMD)" Type="HyD" ScanType="RLD" Channel="1003" ChannelName="NDD4" IsActive="0" Gain="10" Offset="-6.6666666666606E-03" IsSTEDDetector="0" IsSRSDetector="0" DetectionRangeBegin="0" DetectionRangeEnd="0" Phase="0" IsFlimDetector="0" IsHPDDetector="1" IsEnabled="0" IsHPDOverloaded="0" CanDoPhotonCounting="1" AcquisitionMode="1" AcquisitionModeName="PhotonCounting" CanDoTimeGate="0"/></DetectorList><LaserArray><Laser Version="6" LightSourceType="1" LaserName="405 Diode" PowerState="Off" StedAlignFlag="0" CanDoLinearOutputPower="0" CanDoPulsing="0" CanDoOutputPowerWatt="1" HighPowerModeActive="0" LightSourceName="UV" OutputPowerWatt="0" Wavelength="405" CanDoChangeWavelength="0"><BeamRoute Version="0"><BeamPosition BeamPositionLevel="0" BeamPosition="30"/></BeamRoute></Laser><Laser Version="6" LightSourceType="0" LaserName="442 Diode" PowerState="Off" StedAlignFlag="0" CanDoLinearOutputPower="0" CanDoPulsing="0" CanDoOutputPowerWatt="1" HighPowerModeActive="0" LightSourceName="Visible" OutputPowerWatt="0" Wavelength="442" CanDoChangeWavelength="0"><BeamRoute Version="0"><BeamPosition BeamPositionLevel="0" BeamPosition="10"/><BeamPosition BeamPositionLevel="1" BeamPosition="0"/></BeamRoute></Laser><Laser Version="6" LightSourceType="4" LaserName="WLL" PowerState="On" StedAlignFlag="1" CanDoLinearOutputPower="1" CanDoPulsing="1" CanDoOutputPowerWatt="1" HighPowerModeActive="0" LightSourceName="SuperContVisible2" OutputPowerWatt="0" OutputPowerPercentage="0.7" Wavelength="0" PulsePickerRatio="80" CanDoChangeWavelength="0"><BeamRoute Version="0"><BeamPosition BeamPositionLevel="0" BeamPosition="10"/><BeamPosition BeamPositionLevel="1" BeamPosition="1"/></BeamRoute></Laser><Laser Version="6" LightSourceType="3" LaserName="Laser Fix" PowerState="On" StedAlignFlag="0" CanDoLinearOutputPower="0" CanDoPulsing="1" CanDoOutputPowerWatt="0" HighPowerModeActive="0" LightSourceName="MP Light" Wavelength="1040" CanDoChangeWavelength="0"><BeamRoute Version="0"><BeamPosition BeamPositionLevel="0" BeamPosition="20"/><BeamPosition BeamPositionLevel="1" BeamPosition="30"/></BeamRoute></Laser><Laser Version="6" LightSourceType="3" LaserName="Laser Tunable" PowerState="On" StedAlignFlag="0" CanDoLinearOutputPower="0" CanDoPulsing="1" CanDoOutputPowerWatt="1" HighPowerModeActive="0" LightSourceName="MP Light 2" OutputPowerWatt="2.18" Wavelength="740" WavelengthDouble="740" PumpOutputPower="0" GDDCurveID="1" CanDoChangeWavelength="1" TuningRangeMin="680" TuningRangeMax="1300"><BeamRoute Version="0"><BeamPosition BeamPositionLevel="0" BeamPosition="20"/><BeamPosition BeamPositionLevel="1" BeamPosition="20"/></BeamRoute></Laser></LaserArray><OnlineDyeSeparation Enabled="0" KeepRawImage="0" Detectors="0" Channels="0" Normalize="0"><OnlineDyeSeparationDetectorList/><OnlineDyeSeparationChannelList/></OnlineDyeSeparation><LifetimeDetection FrameCompleteCondition="1" FrameDuration="1" FrameRepetitions="3" MaximumPhotonCounts="100" PhotonCountsCondition="1" ChannelLinkActive="0" ExclusiveWhitelightLaserLine="0"><DetectorAssignments/><ChannelLinks><ChannelLink Channel="0" Detector="0"/><ChannelLink Channel="1" Detector="0"/><ChannelLink Channel="2" Detector="0"/><ChannelLink Channel="3" Detector="0"/></ChannelLinks><Channels/><CrossCorrelations/></LifetimeDetection><VariableBeamExpanderFactors CommonSettingEnabled="1" CommonFactor="1.03"><VariableBeamExpanderFactor Factor="1.03" Offset="0" Wavelength="740"><BeamRoute Version="0"><BeamPosition BeamPositionLevel="0" BeamPosition="20"/><BeamPosition BeamPositionLevel="1" BeamPosition="20"/></BeamRoute></VariableBeamExpanderFactor><VariableBeamExpanderFactor Factor="1.03" Offset="0" Wavelength="1040"><BeamRoute Version="0"><BeamPosition BeamPositionLevel="0" BeamPosition="20"/><BeamPosition BeamPositionLevel="1" BeamPosition="30"/></BeamRoute></VariableBeamExpanderFactor></VariableBeamExpanderFactors></ATLConfocalSettingDefinition></LDM_Block_Sequential_Master><LDM_Block_Sequential_List><ATLConfocalSettingDefinition VersionNumber="15" UserSettingName="Seq. 1" CanDoSTED="0" IsSTEDActive="0" IsSwitchForPulsedStedWithMpActive="0" UseSystemOptimizedVoxelCalculation="1" IsUserSettingNameSet="1" IsHydPulsedModeCoeffntManualActive="0" CanDoCSMode="1" ActiveCS_SubModeForTLD="0" ActiveCS_SubModeForTLDName="Scan-BF" ActiveCS_SubModeForRLD="0" ActiveCS_SubModeForRLDName="Empty" RldFluoCubePos="4" RldCubeAutoSelectionEnabled="1" Pinhole="8.38241570635937E-05" PinholeAiry="0.999724312277225" EmissionWavelengthForPinholeAiryCalculation="630" FrameAverage="4" LineAverage="1" FrameAccumulation="1" Line_Accumulation="1" AreBleachPointsEnabled="0" IsRoiScanEnable="0" ZCompensationModes="0" WizardMode="0"><EasySRMappingArray/><EasySRSlider SRRelative="75" ThreeDRelative="0" GentleRelative="25"/><ShutterList><Shutter Version="0" LightSourceType="1" LightSourceName="UV" IsActive="0"><BeamRoute Version="0"><BeamPosition BeamPositionLevel="0" BeamPosition="30"/></BeamRoute></Shutter><Shutter Version="0" LightSourceType="0" LightSourceName="Visible" IsActive="0"><BeamRoute Version="0"><BeamPosition BeamPositionLevel="0" BeamPosition="10"/><BeamPosition BeamPositionLevel="1" BeamPosition="0"/></BeamRoute></Shutter><Shutter Version="0" LightSourceType="4" LightSourceName="SuperContVisible2" IsActive="1"><BeamRoute Version="0"><BeamPosition BeamPositionLevel="0" BeamPosition="10"/><BeamPosition BeamPositionLevel="1" BeamPosition="1"/></BeamRoute></Shutter><Shutter Version="0" LightSourceType="3" LightSourceName="MP Light" IsActive="0"><BeamRoute Version="0"><BeamPosition BeamPositionLevel="0" BeamPosition="20"/><BeamPosition BeamPositionLevel="1" BeamPosition="30"/></BeamRoute></Shutter><Shutter Version="0" LightSourceType="3" LightSourceName="MP Light 2" IsActive="0"><BeamRoute Version="0"><BeamPosition BeamPositionLevel="0" BeamPosition="20"/><BeamPosition BeamPositionLevel="1" BeamPosition="20"/></BeamRoute></Shutter></ShutterList><FilterWheel FluorifierAutoSelection="1" BeamSplitterAutoSelection="0" StedBeamSelectionPinholeCoupling="0" MultiFunctionPortAutoSelection="1" BeamMergerAutoSelectionEnabled="1" RldBlockingFilterAutoSelectionEnabled="1"><Wheel Version="0" Qualifier="230" FilterWheelName="RLD Blocking Slider" FilterIndex="1" FilterName="SP 680" IsSpectrumTurnMode="0" FilterSpectrumPos="0" IndexChanged="0" SpectrumChanged="0"><BeamRoute Version="0"><BeamPosition BeamPositionLevel="0" BeamPosition="20"/></BeamRoute></Wheel><Wheel Version="0" Qualifier="250" FilterWheelName="Merger Wheel" FilterIndex="1" FilterName="Substrate " IsSpectrumTurnMode="0" FilterSpectrumPos="0" IndexChanged="0" SpectrumChanged="0"><BeamRoute Version="0"><BeamPosition BeamPositionLevel="0" BeamPosition="20"/><BeamPosition BeamPositionLevel="1" BeamPosition="30"/></BeamRoute></Wheel><Wheel Version="0" Qualifier="160" FilterWheelName="Galvo Slider" FilterIndex="0" FilterName="Galvo X Normal " IsSpectrumTurnMode="0" FilterSpectrumPos="0" IndexChanged="0" SpectrumChanged="0"><BeamRoute Version="0"/></Wheel><Wheel Version="0" Qualifier="180" FilterWheelName="Multi Function Port" FilterIndex="4" FilterName="Substrate " IsSpectrumTurnMode="0" FilterSpectrumPos="0" IndexChanged="0" SpectrumChanged="0"><BeamRoute Version="0"><BeamPosition BeamPositionLevel="0" BeamPosition="20"/></BeamRoute></Wheel><Wheel Version="0" Qualifier="131" FilterWheelName="Notch FW 2" FilterIndex="0" FilterName="Empty" IsSpectrumTurnMode="0" FilterSpectrumPos="0" IndexChanged="0" SpectrumChanged="0"><BeamRoute Version="0"/></Wheel><Wheel Version="0" Qualifier="130" FilterWheelName="Polarization FW" FilterIndex="0" FilterName="Empty" IsSpectrumTurnMode="0" FilterSpectrumPos="79646" IndexChanged="0" SpectrumChanged="0"><BeamRoute Version="0"/></Wheel><Wheel Version="0" Qualifier="200" FilterWheelName="Galvo Resonant Pan" FilterIndex="0" FilterName="Galvo X Pan Center " IsSpectrumTurnMode="0" FilterSpectrumPos="0" IndexChanged="0" SpectrumChanged="0"><BeamRoute Version="0"/></Wheel><Wheel Version="0" Qualifier="170" FilterWheelName="Target Slider" FilterIndex="0" FilterName="Target Park " IsSpectrumTurnMode="0" FilterSpectrumPos="0" IndexChanged="0" SpectrumChanged="0"><BeamRoute Version="0"/></Wheel><Wheel Version="0" Qualifier="31" FilterWheelName="X2 Lens Changer" FilterIndex="0" FilterName="CS2 UV Optics 1 " IsSpectrumTurnMode="0" FilterSpectrumPos="0" IndexChanged="0" SpectrumChanged="0"><BeamRoute Version="0"/></Wheel></FilterWheel><Spectro><MultiBand Channel="1" ChannelName="Channel 1" LeftWorld="401" RightWorld="443" TargetWaveLengthBegin="401" TargetWaveLengthEnd="443" DyeName=""/><MultiBand Channel="2" ChannelName="Channel 2" LeftWorld="485" RightWorld="527" TargetWaveLengthBegin="485" TargetWaveLengthEnd="527" DyeName=""/><MultiBand Channel="3" ChannelName="Channel 3" LeftWorld="569" RightWorld="611" TargetWaveLengthBegin="569" TargetWaveLengthEnd="611" DyeName=""/><MultiBand Channel="4" ChannelName="Channel 4" LeftWorld="640.101085189634" RightWorld="679.572574064676" TargetWaveLengthBegin="640.101085189634" TargetWaveLengthEnd="679.572574064676" DyeName=""/><MultiBand Channel="5" ChannelName="Channel 5" LeftWorld="795" RightWorld="800" TargetWaveLengthBegin="795" TargetWaveLengthEnd="800" DyeName=""/></Spectro><Spectro_RLD><MultiBand Channel="1000" ChannelName="NDD1" LeftWorld="380" RightWorld="390" TargetWaveLengthBegin="380" TargetWaveLengthEnd="390" DyeName=""/><MultiBand Channel="1001" ChannelName="NDD2" LeftWorld="410.186046511628" RightWorld="530.325581395348" TargetWaveLengthBegin="410.186046511628" TargetWaveLengthEnd="530.325581395348" DyeName=""/><MultiBand Channel="1002" ChannelName="NDD3" LeftWorld="560.379069767444" RightWorld="659.681395348837" TargetWaveLengthBegin="560.379069767444" TargetWaveLengthEnd="659.681395348837" DyeName=""/><MultiBand Channel="1003" ChannelName="NDD4" LeftWorld="660.162474862023" RightWorld="679.832073489635" TargetWaveLengthBegin="660.162474862023" TargetWaveLengthEnd="679.832073489635" DyeName=""/></Spectro_RLD><AotfList><Aotf Version="0" LightSourceName="UV" LightSourceType="1" OpenVirtual="0" IsChanged="0" CanDoPulseFreq="0" PulsFreq="0" CanDoTwoLaserPIE="0" TwoLaserPIEPossibleLastState="0" TwoLaserPIEActive="0"><BeamRoute Version="0"><BeamPosition BeamPositionLevel="0" BeamPosition="30"/></BeamRoute><LaserLineSetting LaserLine="405" IntensityDev="0" IntensityLowDev="0" AOBSIntensityDev="-1" AOBSIntensityLowDev="-1" EnableDoubleMode="0" LineIndex="0" SequenceIndex="0" LineDeactivationFlags="0" IsLineChecked="1" OutCheckedIntensity="0" SuppressionMode="-1" IsVisible="1" CanDoFastModulation="1"/></Aotf><Aotf Version="0" LightSourceName="Visible" LightSourceType="0" OpenVirtual="0" IsChanged="0" CanDoPulseFreq="0" PulsFreq="0" CanDoTwoLaserPIE="0" TwoLaserPIEPossibleLastState="0" TwoLaserPIEActive="0"><BeamRoute Version="0"><BeamPosition BeamPositionLevel="0" BeamPosition="10"/><BeamPosition BeamPositionLevel="1" BeamPosition="0"/></BeamRoute><LaserLineSetting LaserLine="442" IntensityDev="0" IntensityLowDev="0" AOBSIntensityDev="-1" AOBSIntensityLowDev="-1" EnableDoubleMode="0" LineIndex="0" SequenceIndex="0" LineDeactivationFlags="0" IsLineChecked="1" OutCheckedIntensity="0" SuppressionMode="-1" IsVisible="1" CanDoFastModulation="1"/></Aotf><Aotf Version="0" LightSourceName="SuperContVisible2" LightSourceType="4" OpenVirtual="0" IsChanged="1" ExcitationControlMode="0" ExcitationControlModeBegin="0" ExcitationControlModeEnd="0" CanDoPulseFreq="0" PulsFreq="0" CanDoTwoLaserPIE="0" TwoLaserPIEPossibleLastState="0" TwoLaserPIEActive="0"><BeamRoute Version="0"><BeamPosition BeamPositionLevel="0" BeamPosition="10"/><BeamPosition BeamPositionLevel="1" BeamPosition="1"/></BeamRoute><LaserLineSetting LaserLine="622" IntensityDev="0.200353253074797" IntensityLowDev="0" AOBSIntensityDev="100" AOBSIntensityLowDev="-1" EnableDoubleMode="0" LineIndex="0" SequenceIndex="0" LineDeactivationFlags="0" IsLineChecked="1" OutCheckedIntensity="0.499851128208343" SuppressionMode="1" IsVisible="1" CanDoFastModulation="1"/><LaserLineSetting LaserLine="471" IntensityDev="0" IntensityLowDev="0" AOBSIntensityDev="-1" AOBSIntensityLowDev="-1" EnableDoubleMode="0" LineIndex="1" SequenceIndex="0" LineDeactivationFlags="0" IsLineChecked="0" OutCheckedIntensity="0" SuppressionMode="-1" IsVisible="0" CanDoFastModulation="1"/><LaserLineSetting LaserLine="472" IntensityDev="0" IntensityLowDev="0" AOBSIntensityDev="-1" AOBSIntensityLowDev="-1" EnableDoubleMode="0" LineIndex="2" SequenceIndex="0" LineDeactivationFlags="0" IsLineChecked="0" OutCheckedIntensity="0" SuppressionMode="-1" IsVisible="0" CanDoFastModulation="1"/><LaserLineSetting LaserLine="473" IntensityDev="0" IntensityLowDev="0" AOBSIntensityDev="-1" AOBSIntensityLowDev="-1" EnableDoubleMode="0" LineIndex="3" SequenceIndex="0" LineDeactivationFlags="0" IsLineChecked="0" OutCheckedIntensity="0" SuppressionMode="-1" IsVisible="0" CanDoFastModulation="1"/><LaserLineSetting LaserLine="667" IntensityDev="0" IntensityLowDev="0" AOBSIntensityDev="-1" AOBSIntensityLowDev="-1" EnableDoubleMode="0" LineIndex="4" SequenceIndex="0" LineDeactivationFlags="0" IsLineChecked="0" OutCheckedIntensity="0" SuppressionMode="-1" IsVisible="0" CanDoFastModulation="1"/><LaserLineSetting LaserLine="668" IntensityDev="0" IntensityLowDev="0" AOBSIntensityDev="-1" AOBSIntensityLowDev="-1" EnableDoubleMode="0" LineIndex="5" SequenceIndex="0" LineDeactivationFlags="0" IsLineChecked="0" OutCheckedIntensity="0" SuppressionMode="-1" IsVisible="0" CanDoFastModulation="1"/><LaserLineSetting LaserLine="669" IntensityDev="0" IntensityLowDev="0" AOBSIntensityDev="-1" AOBSIntensityLowDev="-1" EnableDoubleMode="0" LineIndex="6" SequenceIndex="0" LineDeactivationFlags="0" IsLineChecked="0" OutCheckedIntensity="0" SuppressionMode="-1" IsVisible="0" CanDoFastModulation="1"/><LaserLineSetting LaserLine="670" IntensityDev="0" IntensityLowDev="0" AOBSIntensityDev="-1" AOBSIntensityLowDev="-1" EnableDoubleMode="0" LineIndex="7" SequenceIndex="0" LineDeactivationFlags="0" IsLineChecked="0" OutCheckedIntensity="0" SuppressionMode="-1" IsVisible="0" CanDoFastModulation="1"/></Aotf><Aotf Version="0" LightSourceName="MP Light" LightSourceType="3" OpenVirtual="0" IsChanged="0" ExcitationControlMode="0" ExcitationControlModeBegin="0" ExcitationControlModeEnd="0" CanDoPulseFreq="0" PulsFreq="0" CanDoTwoLaserPIE="0" TwoLaserPIEPossibleLastState="0" TwoLaserPIEActive="0"><BeamRoute Version="0"><BeamPosition BeamPositionLevel="0" BeamPosition="20"/><BeamPosition BeamPositionLevel="1" BeamPosition="30"/></BeamRoute><LaserLineSetting LaserLine="1040" IntensityDev="0" IntensityLowDev="0" AOBSIntensityDev="-1" AOBSIntensityLowDev="-1" EnableDoubleMode="0" LineIndex="0" SequenceIndex="0" LineDeactivationFlags="0" IsLineChecked="1" OutCheckedIntensity="0" SuppressionMode="-1" IsVisible="1" CanDoFastModulation="1"/></Aotf><Aotf Version="0" LightSourceName="MP Light 2" LightSourceType="3" OpenVirtual="0" IsChanged="0" ExcitationControlMode="0" ExcitationControlModeBegin="0" ExcitationControlModeEnd="0" CanDoPulseFreq="0" PulsFreq="0" CanDoTwoLaserPIE="0" TwoLaserPIEPossibleLastState="0" TwoLaserPIEActive="0"><BeamRoute Version="0"><BeamPosition BeamPositionLevel="0" BeamPosition="20"/><BeamPosition BeamPositionLevel="1" BeamPosition="20"/></BeamRoute><LaserLineSetting LaserLine="740" IntensityDev="0" IntensityLowDev="0" AOBSIntensityDev="-1" AOBSIntensityLowDev="-1" EnableDoubleMode="0" LineIndex="0" SequenceIndex="0" LineDeactivationFlags="0" IsLineChecked="1" OutCheckedIntensity="0" SuppressionMode="-1" IsVisible="1" CanDoFastModulation="1"/></Aotf></AotfList><LUT_List><LUT Channel="1" LutName="Gray"/><LUT Channel="2" LutName="Green"/><LUT Channel="3" LutName="Red"/><LUT Channel="4" LutName="Magenta"/><LUT Channel="5" LutName="Cyan"/><LUT Channel="100" LutName="Gray"/><LUT Channel="1000" LutName="Red"/><LUT Channel="1001" LutName="Blue"/><LUT Channel="1002" LutName="Green"/><LUT Channel="1003" LutName="Red"/><LUT Channel="2000" LutName="Gray"/><LUT Channel="2001" LutName="Green"/><LUT Channel="2002" LutName="Red"/><LUT Channel="2003" LutName="Blue"/><LUT Channel="2004" LutName="Cyan"/><LUT Channel="2005" LutName="Magenta"/><LUT Channel="2006" LutName="Yellow"/><LUT Channel="2007" LutName="Glow"/><LUT Channel="3000" LutName="Gray"/></LUT_List><DetectorList DetectorAutoSelection="1" InExternalDetectionMode="0"><Detector Name="HyD SMD 1" Type="HyD" ScanType="Internal" Channel="1" ChannelName="Channel 1" IsActive="0" Gain="99.9981315396114" Offset="-6.6666666666606E-03" IsSTEDDetector="1" IsSRSDetector="0" DetectionRangeBegin="0" DetectionRangeEnd="0" Phase="0" IsFlimDetector="0" IsHPDDetector="1" IsEnabled="0" IsHPDOverloaded="0" CanDoPhotonCounting="1" AcquisitionMode="0" AcquisitionModeName="PhotonIntegration" CanDoTimeGate="1" IsTimeGateActivated="0" TimeGatePulseStart="300" TimeGateWavelength="-1" TimeGatePulseEnd="6000"/><Detector Name="HyD SMD 2" Type="HyD" ScanType="Internal" Channel="2" ChannelName="Channel 2" IsActive="0" Gain="99.9981315396114" Offset="-6.6666666666606E-03" IsSTEDDetector="1" IsSRSDetector="0" DetectionRangeBegin="0" DetectionRangeEnd="0" Phase="0" IsFlimDetector="0" IsHPDDetector="1" IsEnabled="0" IsHPDOverloaded="0" CanDoPhotonCounting="1" AcquisitionMode="0" AcquisitionModeName="PhotonIntegration" CanDoTimeGate="1" IsTimeGateActivated="0" TimeGatePulseStart="300" TimeGateWavelength="-1" TimeGatePulseEnd="6000"/><Detector Name="PMT 3" Type="PMT" ScanType="Internal" Channel="3" ChannelName="Channel 3" IsActive="0" Gain="0" Offset="0" IsSTEDDetector="1" IsSRSDetector="0" DetectionRangeBegin="0" DetectionRangeEnd="0" Phase="0" IsFlimDetector="0" IsHPDDetector="0" CanDoTimeGate="0"/><Detector Name="HyD SMD 4" Type="HyD" ScanType="Internal" Channel="4" ChannelName="Channel 4" IsActive="1" Gain="10" Offset="-6.6666666666606E-03" IsSTEDDetector="1" IsSRSDetector="0" DetectionRangeBegin="0" DetectionRangeEnd="0" Phase="0" IsFlimDetector="0" IsHPDDetector="1" IsEnabled="1" IsHPDOverloaded="0" CanDoPhotonCounting="1" AcquisitionMode="1" AcquisitionModeName="PhotonCounting" CanDoTimeGate="1" IsTimeGateActivated="0" TimeGatePulseStart="300" TimeGateWavelength="-1" TimeGatePulseEnd="6000"/><Detector Name="HyD SMD 5" Type="HyD" ScanType="Internal" Channel="5" ChannelName="Channel 5" IsActive="0" Gain="99.9981315396114" Offset="-6.6666666666606E-03" IsSTEDDetector="1" IsSRSDetector="0" DetectionRangeBegin="0" DetectionRangeEnd="0" Phase="0" IsFlimDetector="0" IsHPDDetector="1" IsEnabled="0" IsHPDOverloaded="0" CanDoPhotonCounting="1" AcquisitionMode="0" AcquisitionModeName="PhotonIntegration" CanDoTimeGate="1" IsTimeGateActivated="0" TimeGatePulseStart="300" TimeGateWavelength="-1" TimeGatePulseEnd="6000"/><Detector Name="PMT Trans" Type="PMT" ScanType="TLD" Channel="100" ChannelName="Transmission Channel" IsActive="1" Gain="600.003814755474" Offset="0" IsSTEDDetector="0" IsSRSDetector="0" DetectionRangeBegin="0" DetectionRangeEnd="0" Phase="0" IsFlimDetector="0" IsHPDDetector="0" CanDoTimeGate="0"/><Detector Name="HyD-RLD 1 (SMD) " Type="HyD" ScanType="RLD" Channel="1000" ChannelName="NDD1" IsActive="0" Gain="99.9981315396114" Offset="-6.6666666666606E-03" IsSTEDDetector="0" IsSRSDetector="0" DetectionRangeBegin="0" DetectionRangeEnd="0" Phase="0" IsFlimDetector="0" IsHPDDetector="1" IsEnabled="0" IsHPDOverloaded="0" CanDoPhotonCounting="1" AcquisitionMode="0" AcquisitionModeName="PhotonIntegration" CanDoTimeGate="0"/><Detector Name="HyD-RLD 2 (SMD)" Type="HyD" ScanType="RLD" Channel="1001" ChannelName="NDD2" IsActive="0" Gain="10" Offset="-6.6666666666606E-03" IsSTEDDetector="0" IsSRSDetector="0" DetectionRangeBegin="0" DetectionRangeEnd="0" Phase="0" IsFlimDetector="0" IsHPDDetector="1" IsEnabled="0" IsHPDOverloaded="0" CanDoPhotonCounting="1" AcquisitionMode="1" AcquisitionModeName="PhotonCounting" CanDoTimeGate="0"/><Detector Name="HyD-RLD 3 (SMD)" Type="HyD" ScanType="RLD" Channel="1002" ChannelName="NDD3" IsActive="0" Gain="10" Offset="-6.6666666666606E-03" IsSTEDDetector="0" IsSRSDetector="0" DetectionRangeBegin="0" DetectionRangeEnd="0" Phase="0" IsFlimDetector="0" IsHPDDetector="1" IsEnabled="0" IsHPDOverloaded="0" CanDoPhotonCounting="1" AcquisitionMode="1" AcquisitionModeName="PhotonCounting" CanDoTimeGate="0"/><Detector Name="HyD-RLD 4 (SMD)" Type="HyD" ScanType="RLD" Channel="1003" ChannelName="NDD4" IsActive="0" Gain="10" Offset="-6.6666666666606E-03" IsSTEDDetector="0" IsSRSDetector="0" DetectionRangeBegin="0" DetectionRangeEnd="0" Phase="0" IsFlimDetector="0" IsHPDDetector="1" IsEnabled="0" IsHPDOverloaded="0" CanDoPhotonCounting="1" AcquisitionMode="1" AcquisitionModeName="PhotonCounting" CanDoTimeGate="0"/></DetectorList><LaserArray><Laser Version="6" LightSourceType="1" LaserName="405 Diode" PowerState="Off" StedAlignFlag="0" CanDoLinearOutputPower="0" CanDoPulsing="0" CanDoOutputPowerWatt="1" HighPowerModeActive="0" LightSourceName="UV" OutputPowerWatt="0" Wavelength="405" CanDoChangeWavelength="0"><BeamRoute Version="0"><BeamPosition BeamPositionLevel="0" BeamPosition="30"/></BeamRoute></Laser><Laser Version="6" LightSourceType="0" LaserName="442 Diode" PowerState="Off" StedAlignFlag="0" CanDoLinearOutputPower="0" CanDoPulsing="0" CanDoOutputPowerWatt="1" HighPowerModeActive="0" LightSourceName="Visible" OutputPowerWatt="0" Wavelength="442" CanDoChangeWavelength="0"><BeamRoute Version="0"><BeamPosition BeamPositionLevel="0" BeamPosition="10"/><BeamPosition BeamPositionLevel="1" BeamPosition="0"/></BeamRoute></Laser><Laser Version="6" LightSourceType="4" LaserName="WLL" PowerState="On" StedAlignFlag="1" CanDoLinearOutputPower="1" CanDoPulsing="1" CanDoOutputPowerWatt="1" HighPowerModeActive="0" LightSourceName="SuperContVisible2" OutputPowerWatt="0" OutputPowerPercentage="0.7" Wavelength="0" PulsePickerRatio="80" CanDoChangeWavelength="0"><BeamRoute Version="0"><BeamPosition BeamPositionLevel="0" BeamPosition="10"/><BeamPosition BeamPositionLevel="1" BeamPosition="1"/></BeamRoute></Laser><Laser Version="6" LightSourceType="3" LaserName="Laser Fix" PowerState="On" StedAlignFlag="0" CanDoLinearOutputPower="0" CanDoPulsing="1" CanDoOutputPowerWatt="0" HighPowerModeActive="0" LightSourceName="MP Light" Wavelength="1040" CanDoChangeWavelength="0"><BeamRoute Version="0"><BeamPosition BeamPositionLevel="0" BeamPosition="20"/><BeamPosition BeamPositionLevel="1" BeamPosition="30"/></BeamRoute></Laser><Laser Version="6" LightSourceType="3" LaserName="Laser Tunable" PowerState="On" StedAlignFlag="0" CanDoLinearOutputPower="0" CanDoPulsing="1" CanDoOutputPowerWatt="1" HighPowerModeActive="0" LightSourceName="MP Light 2" OutputPowerWatt="2.18" Wavelength="740" PumpOutputPower="0" GDDCurveID="1" CanDoChangeWavelength="1" TuningRangeMin="680" TuningRangeMax="1300"><BeamRoute Version="0"><BeamPosition BeamPositionLevel="0" BeamPosition="20"/><BeamPosition BeamPositionLevel="1" BeamPosition="20"/></BeamRoute></Laser></LaserArray><OnlineDyeSeparation Enabled="0" KeepRawImage="0" Detectors="0" Channels="0" Normalize="0"><OnlineDyeSeparationDetectorList/><OnlineDyeSeparationChannelList/></OnlineDyeSeparation><LifetimeDetection ExclusiveWhitelightLaserLine="0"><DetectorAssignments><DetectorAssignment Detector="4" AutomaticAssigned="1" LaserWavelength="622" LaserName="WLL"/></DetectorAssignments><ChannelLinks><ChannelLink Channel="0" Detector="4"/><ChannelLink Channel="1" Detector="0"/><ChannelLink Channel="2" Detector="0"/><ChannelLink Channel="3" Detector="0"/></ChannelLinks><Channels/><CrossCorrelations/></LifetimeDetection><VariableBeamExpanderFactors CommonSettingEnabled="1" CommonFactor="1.03"><VariableBeamExpanderFactor Factor="1.03" Offset="0" Wavelength="740"><BeamRoute Version="0"><BeamPosition BeamPositionLevel="0" BeamPosition="20"/><BeamPosition BeamPositionLevel="1" BeamPosition="20"/></BeamRoute></VariableBeamExpanderFactor><VariableBeamExpanderFactor Factor="1.03" Offset="0" Wavelength="1040"><BeamRoute Version="0"><BeamPosition BeamPositionLevel="0" BeamPosition="20"/><BeamPosition BeamPositionLevel="1" BeamPosition="30"/></BeamRoute></VariableBeamExpanderFactor></VariableBeamExpanderFactors></ATLConfocalSettingDefinition><ATLConfocalSettingDefinition VersionNumber="15" UserSettingName="Seq. 2" CanDoSTED="0" IsSTEDActive="0" IsSwitchForPulsedStedWithMpActive="0" UseSystemOptimizedVoxelCalculation="1" IsUserSettingNameSet="1" IsHydPulsedModeCoeffntManualActive="0" CanDoCSMode="1" ActiveCS_SubModeForTLD="1000" ActiveCS_SubModeForTLDName="TLD/RLD" ActiveCS_SubModeForRLD="1000" ActiveCS_SubModeForRLDName="TLD/RLD" RldFluoCubePos="4" RldCubeAutoSelectionEnabled="1" Pinhole="8.38241570635937E-05" PinholeAiry="0.999724312277225" EmissionWavelengthForPinholeAiryCalculation="630" FrameAverage="4" LineAverage="1" FrameAccumulation="1" Line_Accumulation="1" AreBleachPointsEnabled="0" IsRoiScanEnable="0" ZCompensationModes="0" WizardMode="0"><EasySRMappingArray/><EasySRSlider SRRelative="75" ThreeDRelative="0" GentleRelative="25"/><ShutterList><Shutter Version="0" LightSourceType="1" LightSourceName="UV" IsActive="0"><BeamRoute Version="0"><BeamPosition BeamPositionLevel="0" BeamPosition="30"/></BeamRoute></Shutter><Shutter Version="0" LightSourceType="0" LightSourceName="Visible" IsActive="0"><BeamRoute Version="0"><BeamPosition BeamPositionLevel="0" BeamPosition="10"/><BeamPosition BeamPositionLevel="1" BeamPosition="0"/></BeamRoute></Shutter><Shutter Version="0" LightSourceType="4" LightSourceName="SuperContVisible2" IsActive="0"><BeamRoute Version="0"><BeamPosition BeamPositionLevel="0" BeamPosition="10"/><BeamPosition BeamPositionLevel="1" BeamPosition="1"/></BeamRoute></Shutter><Shutter Version="0" LightSourceType="3" LightSourceName="MP Light" IsActive="0"><BeamRoute Version="0"><BeamPosition BeamPositionLevel="0" BeamPosition="20"/><BeamPosition BeamPositionLevel="1" BeamPosition="30"/></BeamRoute></Shutter><Shutter Version="0" LightSourceType="3" LightSourceName="MP Light 2" IsActive="1"><BeamRoute Version="0"><BeamPosition BeamPositionLevel="0" BeamPosition="20"/><BeamPosition BeamPositionLevel="1" BeamPosition="20"/></BeamRoute></Shutter></ShutterList><FilterWheel FluorifierAutoSelection="1" BeamSplitterAutoSelection="0" StedBeamSelectionPinholeCoupling="0" MultiFunctionPortAutoSelection="1" BeamMergerAutoSelectionEnabled="1" RldBlockingFilterAutoSelectionEnabled="1"><Wheel Version="0" Qualifier="230" FilterWheelName="RLD Blocking Slider" FilterIndex="1" FilterName="SP 680" IsSpectrumTurnMode="0" FilterSpectrumPos="0" IndexChanged="0" SpectrumChanged="0"><BeamRoute Version="0"><BeamPosition BeamPositionLevel="0" BeamPosition="20"/></BeamRoute></Wheel><Wheel Version="0" Qualifier="250" FilterWheelName="Merger Wheel" FilterIndex="1" FilterName="Substrate " IsSpectrumTurnMode="0" FilterSpectrumPos="0" IndexChanged="0" SpectrumChanged="0"><BeamRoute Version="0"><BeamPosition BeamPositionLevel="0" BeamPosition="20"/><BeamPosition BeamPositionLevel="1" BeamPosition="30"/></BeamRoute></Wheel><Wheel Version="0" Qualifier="160" FilterWheelName="Galvo Slider" FilterIndex="0" FilterName="Galvo X Normal " IsSpectrumTurnMode="0" FilterSpectrumPos="0" IndexChanged="0" SpectrumChanged="0"><BeamRoute Version="0"/></Wheel><Wheel Version="0" Qualifier="180" FilterWheelName="Multi Function Port" FilterIndex="2" FilterName="SP 665" IsSpectrumTurnMode="0" FilterSpectrumPos="0" IndexChanged="0" SpectrumChanged="0"><BeamRoute Version="0"><BeamPosition BeamPositionLevel="0" BeamPosition="20"/></BeamRoute></Wheel><Wheel Version="0" Qualifier="131" FilterWheelName="Notch FW 2" FilterIndex="7" FilterName="MP1 SP 680" IsSpectrumTurnMode="0" FilterSpectrumPos="0" IndexChanged="0" SpectrumChanged="0"><BeamRoute Version="0"/></Wheel><Wheel Version="0" Qualifier="130" FilterWheelName="Polarization FW" FilterIndex="0" FilterName="Empty" IsSpectrumTurnMode="0" FilterSpectrumPos="79646" IndexChanged="0" SpectrumChanged="0"><BeamRoute Version="0"/></Wheel><Wheel Version="0" Qualifier="200" FilterWheelName="Galvo Resonant Pan" FilterIndex="0" FilterName="Galvo X Pan Center " IsSpectrumTurnMode="0" FilterSpectrumPos="0" IndexChanged="0" SpectrumChanged="0"><BeamRoute Version="0"/></Wheel><Wheel Version="0" Qualifier="170" FilterWheelName="Target Slider" FilterIndex="0" FilterName="Target Park " IsSpectrumTurnMode="0" FilterSpectrumPos="0" IndexChanged="0" SpectrumChanged="0"><BeamRoute Version="0"/></Wheel><Wheel Version="0" Qualifier="31" FilterWheelName="X2 Lens Changer" FilterIndex="0" FilterName="CS2 UV Optics 1 " IsSpectrumTurnMode="0" FilterSpectrumPos="0" IndexChanged="0" SpectrumChanged="0"><BeamRoute Version="0"/></Wheel></FilterWheel><Spectro><MultiBand Channel="1" ChannelName="Channel 1" LeftWorld="401" RightWorld="443" TargetWaveLengthBegin="401" TargetWaveLengthEnd="443" DyeName=""/><MultiBand Channel="2" ChannelName="Channel 2" LeftWorld="485" RightWorld="527" TargetWaveLengthBegin="485" TargetWaveLengthEnd="527" DyeName=""/><MultiBand Channel="3" ChannelName="Channel 3" LeftWorld="569" RightWorld="611" TargetWaveLengthBegin="569" TargetWaveLengthEnd="611" DyeName=""/><MultiBand Channel="4" ChannelName="Channel 4" LeftWorld="640.101085189634" RightWorld="679.572574064676" TargetWaveLengthBegin="640.101085189634" TargetWaveLengthEnd="679.572574064676" DyeName=""/><MultiBand Channel="5" ChannelName="Channel 5" LeftWorld="795" RightWorld="800" TargetWaveLengthBegin="795" TargetWaveLengthEnd="800" DyeName=""/></Spectro><Spectro_RLD><MultiBand Channel="1000" ChannelName="NDD1" LeftWorld="380" RightWorld="390" TargetWaveLengthBegin="380" TargetWaveLengthEnd="390" DyeName=""/><MultiBand Channel="1001" ChannelName="NDD2" LeftWorld="409.860465116279" RightWorld="530" TargetWaveLengthBegin="409.860465116279" TargetWaveLengthEnd="530" DyeName=""/><MultiBand Channel="1002" ChannelName="NDD3" LeftWorld="560.053488372094" RightWorld="659.975161429187" TargetWaveLengthBegin="560.053488372094" TargetWaveLengthEnd="659.975161429187" DyeName=""/><MultiBand Channel="1003" ChannelName="NDD4" LeftWorld="660.162474862023" RightWorld="679.832073489635" TargetWaveLengthBegin="660.162474862023" TargetWaveLengthEnd="679.832073489635" DyeName=""/></Spectro_RLD><AotfList><Aotf Version="0" LightSourceName="UV" LightSourceType="1" OpenVirtual="0" IsChanged="0" CanDoPulseFreq="0" PulsFreq="0" CanDoTwoLaserPIE="0" TwoLaserPIEPossibleLastState="0" TwoLaserPIEActive="0"><BeamRoute Version="0"><BeamPosition BeamPositionLevel="0" BeamPosition="30"/></BeamRoute><LaserLineSetting LaserLine="405" IntensityDev="0" IntensityLowDev="0" AOBSIntensityDev="-1" AOBSIntensityLowDev="-1" EnableDoubleMode="0" LineIndex="0" SequenceIndex="0" LineDeactivationFlags="0" IsLineChecked="1" OutCheckedIntensity="0" SuppressionMode="-1" IsVisible="1" CanDoFastModulation="1"/></Aotf><Aotf Version="0" LightSourceName="Visible" LightSourceType="0" OpenVirtual="0" IsChanged="0" CanDoPulseFreq="0" PulsFreq="0" CanDoTwoLaserPIE="0" TwoLaserPIEPossibleLastState="0" TwoLaserPIEActive="0"><BeamRoute Version="0"><BeamPosition BeamPositionLevel="0" BeamPosition="10"/><BeamPosition BeamPositionLevel="1" BeamPosition="0"/></BeamRoute><LaserLineSetting LaserLine="442" IntensityDev="0" IntensityLowDev="0" AOBSIntensityDev="-1" AOBSIntensityLowDev="-1" EnableDoubleMode="0" LineIndex="0" SequenceIndex="0" LineDeactivationFlags="0" IsLineChecked="1" OutCheckedIntensity="0" SuppressionMode="-1" IsVisible="1" CanDoFastModulation="1"/></Aotf><Aotf Version="0" LightSourceName="SuperContVisible2" LightSourceType="4" OpenVirtual="0" IsChanged="1" ExcitationControlMode="0" ExcitationControlModeBegin="0" ExcitationControlModeEnd="0" CanDoPulseFreq="0" PulsFreq="0" CanDoTwoLaserPIE="0" TwoLaserPIEPossibleLastState="0" TwoLaserPIEActive="0"><BeamRoute Version="0"><BeamPosition BeamPositionLevel="0" BeamPosition="10"/><BeamPosition BeamPositionLevel="1" BeamPosition="1"/></BeamRoute><LaserLineSetting LaserLine="622" IntensityDev="0.200353253074797" IntensityLowDev="0" AOBSIntensityDev="100" AOBSIntensityLowDev="0" EnableDoubleMode="0" LineIndex="0" SequenceIndex="0" LineDeactivationFlags="0" IsLineChecked="1" OutCheckedIntensity="0" SuppressionMode="1" IsVisible="1" CanDoFastModulation="1"/><LaserLineSetting LaserLine="471" IntensityDev="0" IntensityLowDev="0" AOBSIntensityDev="-1" AOBSIntensityLowDev="-1" EnableDoubleMode="0" LineIndex="1" SequenceIndex="0" LineDeactivationFlags="0" IsLineChecked="0" OutCheckedIntensity="0" SuppressionMode="-1" IsVisible="0" CanDoFastModulation="1"/><LaserLineSetting LaserLine="472" IntensityDev="0" IntensityLowDev="0" AOBSIntensityDev="-1" AOBSIntensityLowDev="-1" EnableDoubleMode="0" LineIndex="2" SequenceIndex="0" LineDeactivationFlags="0" IsLineChecked="0" OutCheckedIntensity="0" SuppressionMode="-1" IsVisible="0" CanDoFastModulation="1"/><LaserLineSetting LaserLine="473" IntensityDev="0" IntensityLowDev="0" AOBSIntensityDev="-1" AOBSIntensityLowDev="-1" EnableDoubleMode="0" LineIndex="3" SequenceIndex="0" LineDeactivationFlags="0" IsLineChecked="0" OutCheckedIntensity="0" SuppressionMode="-1" IsVisible="0" CanDoFastModulation="1"/><LaserLineSetting LaserLine="667" IntensityDev="0" IntensityLowDev="0" AOBSIntensityDev="-1" AOBSIntensityLowDev="-1" EnableDoubleMode="0" LineIndex="4" SequenceIndex="0" LineDeactivationFlags="0" IsLineChecked="0" OutCheckedIntensity="0" SuppressionMode="-1" IsVisible="0" CanDoFastModulation="1"/><LaserLineSetting LaserLine="668" IntensityDev="0" IntensityLowDev="0" AOBSIntensityDev="-1" AOBSIntensityLowDev="-1" EnableDoubleMode="0" LineIndex="5" SequenceIndex="0" LineDeactivationFlags="0" IsLineChecked="0" OutCheckedIntensity="0" SuppressionMode="-1" IsVisible="0" CanDoFastModulation="1"/><LaserLineSetting LaserLine="669" IntensityDev="0" IntensityLowDev="0" AOBSIntensityDev="-1" AOBSIntensityLowDev="-1" EnableDoubleMode="0" LineIndex="6" SequenceIndex="0" LineDeactivationFlags="0" IsLineChecked="0" OutCheckedIntensity="0" SuppressionMode="-1" IsVisible="0" CanDoFastModulation="1"/><LaserLineSetting LaserLine="670" IntensityDev="0" IntensityLowDev="0" AOBSIntensityDev="-1" AOBSIntensityLowDev="-1" EnableDoubleMode="0" LineIndex="7" SequenceIndex="0" LineDeactivationFlags="0" IsLineChecked="0" OutCheckedIntensity="0" SuppressionMode="-1" IsVisible="0" CanDoFastModulation="1"/></Aotf><Aotf Version="0" LightSourceName="MP Light" LightSourceType="3" OpenVirtual="0" IsChanged="0" ExcitationControlMode="0" ExcitationControlModeBegin="0" ExcitationControlModeEnd="0" CanDoPulseFreq="0" PulsFreq="0" CanDoTwoLaserPIE="0" TwoLaserPIEPossibleLastState="0" TwoLaserPIEActive="0"><BeamRoute Version="0"><BeamPosition BeamPositionLevel="0" BeamPosition="20"/><BeamPosition BeamPositionLevel="1" BeamPosition="30"/></BeamRoute><LaserLineSetting LaserLine="1040" IntensityDev="0" IntensityLowDev="0" AOBSIntensityDev="-1" AOBSIntensityLowDev="-1" EnableDoubleMode="0" LineIndex="0" SequenceIndex="0" LineDeactivationFlags="0" IsLineChecked="1" OutCheckedIntensity="0" SuppressionMode="-1" IsVisible="1" CanDoFastModulation="1"/></Aotf><Aotf Version="0" LightSourceName="MP Light 2" LightSourceType="3" OpenVirtual="0" IsChanged="1" ExcitationControlMode="0" ExcitationControlModeBegin="0" ExcitationControlModeEnd="0" CanDoPulseFreq="0" PulsFreq="0" CanDoTwoLaserPIE="0" TwoLaserPIEPossibleLastState="0" TwoLaserPIEActive="0"><BeamRoute Version="0"><BeamPosition BeamPositionLevel="0" BeamPosition="20"/><BeamPosition BeamPositionLevel="1" BeamPosition="20"/></BeamRoute><LaserLineSetting LaserLine="740" LaserLineDouble="740" IntensityDev="10.9747909418299" IntensityLowDev="0" AOBSIntensityDev="-1" AOBSIntensityLowDev="-1" EnableDoubleMode="0" LineIndex="0" SequenceIndex="0" LineDeactivationFlags="0" IsLineChecked="1" OutCheckedIntensity="0" SuppressionMode="-1" IsVisible="1" CanDoFastModulation="1"/></Aotf></AotfList><LUT_List><LUT Channel="1" LutName="Gray"/><LUT Channel="2" LutName="Green"/><LUT Channel="3" LutName="Red"/><LUT Channel="4" LutName="Magenta"/><LUT Channel="5" LutName="Cyan"/><LUT Channel="100" LutName="Gray"/><LUT Channel="1000" LutName="Red"/><LUT Channel="1001" LutName="Blue"/><LUT Channel="1002" LutName="Green"/><LUT Channel="1003" LutName="Red"/><LUT Channel="2000" LutName="Gray"/><LUT Channel="2001" LutName="Green"/><LUT Channel="2002" LutName="Red"/><LUT Channel="2003" LutName="Blue"/><LUT Channel="2004" LutName="Cyan"/><LUT Channel="2005" LutName="Magenta"/><LUT Channel="2006" LutName="Yellow"/><LUT Channel="2007" LutName="Glow"/><LUT Channel="3000" LutName="Gray"/></LUT_List><DetectorList DetectorAutoSelection="1" InExternalDetectionMode="1"><Detector Name="HyD SMD 1" Type="HyD" ScanType="Internal" Channel="1" ChannelName="Channel 1" IsActive="0" Gain="99.9981315396114" Offset="-6.6666666666606E-03" IsSTEDDetector="1" IsSRSDetector="0" DetectionRangeBegin="0" DetectionRangeEnd="0" Phase="0" IsFlimDetector="0" IsHPDDetector="1" IsEnabled="0" IsHPDOverloaded="0" CanDoPhotonCounting="1" AcquisitionMode="0" AcquisitionModeName="PhotonIntegration" CanDoTimeGate="1" IsTimeGateActivated="0" TimeGatePulseStart="300" TimeGateWavelength="-1" TimeGatePulseEnd="6000"/><Detector Name="HyD SMD 2" Type="HyD" ScanType="Internal" Channel="2" ChannelName="Channel 2" IsActive="0" Gain="99.9981315396114" Offset="-6.6666666666606E-03" IsSTEDDetector="1" IsSRSDetector="0" DetectionRangeBegin="0" DetectionRangeEnd="0" Phase="0" IsFlimDetector="0" IsHPDDetector="1" IsEnabled="0" IsHPDOverloaded="0" CanDoPhotonCounting="1" AcquisitionMode="0" AcquisitionModeName="PhotonIntegration" CanDoTimeGate="1" IsTimeGateActivated="0" TimeGatePulseStart="300" TimeGateWavelength="-1" TimeGatePulseEnd="6000"/><Detector Name="PMT 3" Type="PMT" ScanType="Internal" Channel="3" ChannelName="Channel 3" IsActive="0" Gain="0" Offset="0" IsSTEDDetector="1" IsSRSDetector="0" DetectionRangeBegin="0" DetectionRangeEnd="0" Phase="0" IsFlimDetector="0" IsHPDDetector="0" CanDoTimeGate="0"/><Detector Name="HyD SMD 4" Type="HyD" ScanType="Internal" Channel="4" ChannelName="Channel 4" IsActive="0" Gain="10" Offset="-6.6666666666606E-03" IsSTEDDetector="1" IsSRSDetector="0" DetectionRangeBegin="0" DetectionRangeEnd="0" Phase="0" IsFlimDetector="0" IsHPDDetector="1" IsEnabled="0" IsHPDOverloaded="0" CanDoPhotonCounting="1" AcquisitionMode="1" AcquisitionModeName="PhotonCounting" CanDoTimeGate="1" IsTimeGateActivated="0" TimeGatePulseStart="300" TimeGateWavelength="-1" TimeGatePulseEnd="6000"/><Detector Name="HyD SMD 5" Type="HyD" ScanType="Internal" Channel="5" ChannelName="Channel 5" IsActive="0" Gain="99.9981315396114" Offset="-6.6666666666606E-03" IsSTEDDetector="1" IsSRSDetector="0" DetectionRangeBegin="0" DetectionRangeEnd="0" Phase="0" IsFlimDetector="0" IsHPDDetector="1" IsEnabled="0" IsHPDOverloaded="0" CanDoPhotonCounting="1" AcquisitionMode="0" AcquisitionModeName="PhotonIntegration" CanDoTimeGate="1" IsTimeGateActivated="0" TimeGatePulseStart="300" TimeGateWavelength="-1" TimeGatePulseEnd="6000"/><Detector Name="PMT Trans" Type="PMT" ScanType="TLD" Channel="100" ChannelName="Transmission Channel" IsActive="1" Gain="340.009155413138" Offset="0" IsSTEDDetector="0" IsSRSDetector="0" DetectionRangeBegin="0" DetectionRangeEnd="0" Phase="0" IsFlimDetector="0" IsHPDDetector="0" CanDoTimeGate="0"/><Detector Name="HyD-RLD 1 (SMD) " Type="HyD" ScanType="RLD" Channel="1000" ChannelName="NDD1" IsActive="0" Gain="99.9981315396114" Offset="-6.6666666666606E-03" IsSTEDDetector="0" IsSRSDetector="0" DetectionRangeBegin="0" DetectionRangeEnd="0" Phase="0" IsFlimDetector="0" IsHPDDetector="1" IsEnabled="0" IsHPDOverloaded="0" CanDoPhotonCounting="1" AcquisitionMode="0" AcquisitionModeName="PhotonIntegration" CanDoTimeGate="0"/><Detector Name="HyD-RLD 2 (SMD)" Type="HyD" ScanType="RLD" Channel="1001" ChannelName="NDD2" IsActive="1" Gain="10" Offset="-6.6666666666606E-03" IsSTEDDetector="0" IsSRSDetector="0" DetectionRangeBegin="0" DetectionRangeEnd="0" Phase="0" IsFlimDetector="0" IsHPDDetector="1" IsEnabled="1" IsHPDOverloaded="0" CanDoPhotonCounting="1" AcquisitionMode="1" AcquisitionModeName="PhotonCounting" CanDoTimeGate="0"/><Detector Name="HyD-RLD 3 (SMD)" Type="HyD" ScanType="RLD" Channel="1002" ChannelName="NDD3" IsActive="0" Gain="10" Offset="-6.6666666666606E-03" IsSTEDDetector="0" IsSRSDetector="0" DetectionRangeBegin="0" DetectionRangeEnd="0" Phase="0" IsFlimDetector="0" IsHPDDetector="1" IsEnabled="0" IsHPDOverloaded="0" CanDoPhotonCounting="1" AcquisitionMode="1" AcquisitionModeName="PhotonCounting" CanDoTimeGate="0"/><Detector Name="HyD-RLD 4 (SMD)" Type="HyD" ScanType="RLD" Channel="1003" ChannelName="NDD4" IsActive="0" Gain="10" Offset="-6.6666666666606E-03" IsSTEDDetector="0" IsSRSDetector="0" DetectionRangeBegin="0" DetectionRangeEnd="0" Phase="0" IsFlimDetector="0" IsHPDDetector="1" IsEnabled="0" IsHPDOverloaded="0" CanDoPhotonCounting="1" AcquisitionMode="1" AcquisitionModeName="PhotonCounting" CanDoTimeGate="0"/></DetectorList><LaserArray><Laser Version="6" LightSourceType="1" LaserName="405 Diode" PowerState="Off" StedAlignFlag="0" CanDoLinearOutputPower="0" CanDoPulsing="0" CanDoOutputPowerWatt="1" HighPowerModeActive="0" LightSourceName="UV" OutputPowerWatt="0" Wavelength="405" CanDoChangeWavelength="0"><BeamRoute Version="0"><BeamPosition BeamPositionLevel="0" BeamPosition="30"/></BeamRoute></Laser><Laser Version="6" LightSourceType="0" LaserName="442 Diode" PowerState="Off" StedAlignFlag="0" CanDoLinearOutputPower="0" CanDoPulsing="0" CanDoOutputPowerWatt="1" HighPowerModeActive="0" LightSourceName="Visible" OutputPowerWatt="0" Wavelength="442" CanDoChangeWavelength="0"><BeamRoute Version="0"><BeamPosition BeamPositionLevel="0" BeamPosition="10"/><BeamPosition BeamPositionLevel="1" BeamPosition="0"/></BeamRoute></Laser><Laser Version="6" LightSourceType="4" LaserName="WLL" PowerState="On" StedAlignFlag="1" CanDoLinearOutputPower="1" CanDoPulsing="1" CanDoOutputPowerWatt="1" HighPowerModeActive="0" LightSourceName="SuperContVisible2" OutputPowerWatt="0" OutputPowerPercentage="0.7" Wavelength="0" PulsePickerRatio="80" CanDoChangeWavelength="0"><BeamRoute Version="0"><BeamPosition BeamPositionLevel="0" BeamPosition="10"/><BeamPosition BeamPositionLevel="1" BeamPosition="1"/></BeamRoute></Laser><Laser Version="6" LightSourceType="3" LaserName="Laser Fix" PowerState="On" StedAlignFlag="0" CanDoLinearOutputPower="0" CanDoPulsing="1" CanDoOutputPowerWatt="0" HighPowerModeActive="0" LightSourceName="MP Light" Wavelength="1040" CanDoChangeWavelength="0"><BeamRoute Version="0"><BeamPosition BeamPositionLevel="0" BeamPosition="20"/><BeamPosition BeamPositionLevel="1" BeamPosition="30"/></BeamRoute></Laser><Laser Version="6" LightSourceType="3" LaserName="Laser Tunable" PowerState="On" StedAlignFlag="0" CanDoLinearOutputPower="0" CanDoPulsing="1" CanDoOutputPowerWatt="1" HighPowerModeActive="0" LightSourceName="MP Light 2" OutputPowerWatt="2.18" Wavelength="740" WavelengthDouble="740" PumpOutputPower="0" GDDCurveID="1" CanDoChangeWavelength="1" TuningRangeMin="680" TuningRangeMax="1300"><BeamRoute Version="0"><BeamPosition BeamPositionLevel="0" BeamPosition="20"/><BeamPosition BeamPositionLevel="1" BeamPosition="20"/></BeamRoute></Laser></LaserArray><OnlineDyeSeparation Enabled="0" KeepRawImage="0" Detectors="0" Channels="0" Normalize="0"><OnlineDyeSeparationDetectorList/><OnlineDyeSeparationChannelList/></OnlineDyeSeparation><LifetimeDetection ExclusiveWhitelightLaserLine="0"><DetectorAssignments><DetectorAssignment Detector="1001" AutomaticAssigned="1" LaserWavelength="740" LaserName="Laser Tunable"/></DetectorAssignments><ChannelLinks><ChannelLink Channel="0" Detector="1001"/><ChannelLink Channel="1" Detector="0"/><ChannelLink Channel="2" Detector="0"/><ChannelLink Channel="3" Detector="0"/></ChannelLinks><Channels/><CrossCorrelations/></LifetimeDetection><VariableBeamExpanderFactors CommonSettingEnabled="1" CommonFactor="1.03"><VariableBeamExpanderFactor Factor="1.03" Offset="0" Wavelength="740"><BeamRoute Version="0"><BeamPosition BeamPositionLevel="0" BeamPosition="20"/><BeamPosition BeamPositionLevel="1" BeamPosition="20"/></BeamRoute></VariableBeamExpanderFactor><VariableBeamExpanderFactor Factor="1.03" Offset="0" Wavelength="1040"><BeamRoute Version="0"><BeamPosition BeamPositionLevel="0" BeamPosition="20"/><BeamPosition BeamPositionLevel="1" BeamPosition="30"/></BeamRoute></VariableBeamExpanderFactor></VariableBeamExpanderFactors></ATLConfocalSettingDefinition></LDM_Block_Sequential_List><LDM_Block_Sequential_Execution_Mask><InstrumentSettingMask Shutter="1" Frame_Average="1" Line_Average="1" AOTF="1" Attenuator_Wheel="1" Laser_Gain_Offset="1" PMTs_on_off="1" PMTs_Gain_Offset="1" Timegate="1" HyDs_Acquistion_Mode="1" HyDs_Pulse_Calibr_Value="1" FilterWheel="1" Variable_Beam_Expander="1" Microscope="1" Pinhole="1" Z_Compensation="1" Spectrophotometer="1" Mot_Corr_Ring="0" Frame_Accumulation="1" Line_Accumulation="1" Laser="1" STED_DelayTime="1"/></LDM_Block_Sequential_Execution_Mask></LDM_Block_Sequential></Attachment></Image></Data>
